# callgrind format
version: 1
creator: callgrind-3.22.0
pid: 149575
cmd:  ./um umbin/midmark.um
part: 1


desc: I1 cache: 
desc: D1 cache: 
desc: LL cache: 

desc: Timerange: Basic block 0 - 6896704941
desc: Trigger: Program termination

positions: instr line
events: Ir
summary: 41429506631


ob=(2) ???
fl=(42) ???
fn=(732) 0x0000000004fd7ab0
0x4fd7ab0 0 14
+4 0 14
cob=(3) /usr/lib64/libc-2.28.so
cfi=(69) ???
cfn=(734) __memcpy_avx_unaligned_erms
calls=14 0xa78c0 0 
* 0 320876

fn=(148) 0x0000000004001040
0x4001040 0 6
+4 0 6
cob=(1) /usr/lib64/ld-2.28.so
cfi=(43) /usr/src/debug/glibc-2.28-251.el8_10.25.x86_64/elf/dl-error-skeleton.c
cfn=(150) _dl_catch_exception
calls=6 0x1c0d0 175 
* 0 16755

fn=(458) 0x0000000004c40090
0x4c40090 0 1
+4 0 1
+4 0 1
+7 0 1
+3 0 1
+4 0 1
+4 0 1

fn=(482) 0x0000000000400b40
0x400b40 0 1
+4 0 1
+4 0 1
+7 0 1
+3 0 1
+4 0 1
+4 0 1

fn=(850) 0x0000000004a3284c
0x4a3284c 0 1
+4 0 1
+4 0 1
+4 0 1

fn=(452) 0x0000000004fd7bf0
0x4fd7bf0 0 1
+4 0 1
cob=(3)
cfi=(69)
cfn=(454) __strrchr_avx2
calls=1 0xadaf0 0 
* 0 22

fn=(542) 0x0000000004fd7b00
0x4fd7b00 0 1
+4 0 1
cob=(1)
cfi=(81) /usr/src/debug/glibc-2.28-251.el8_10.25.x86_64/elf/dl-open.c
cfn=(544) _dl_find_dso_for_object
calls=1 0x10a00 212 
* 0 51

fn=(832) 0x0000000004a325f0
0x4a325f0 0 1
+4 0 1
cob=(3)
cfi=(69)
cfn=(838) __cxa_finalize
calls=1 0x51100 0 
* 0 75
cob=(1)
cfi=(79) /usr/src/debug/glibc-2.28-251.el8_10.25.x86_64/elf/../sysdeps/x86_64/dl-trampoline.h
cfn=(512) _dl_runtime_resolve_xsave
calls=1 0x1c00 67 
* 0 727
* 0 5

fn=(144) 0x0000000004001070
0x4001070 0 1
+4 0 1
cob=(1)
cfi=(43)
cfn=(146) _dl_catch_error
calls=1 0x1c1c0 225 
* 0 2759

fn=(822) 0x0000000000405c94
0x405c94 0 1
+4 0 1
+4 0 1
+4 0 1

fn=(868) 0x0000000004cdf80c
0x4cdf80c 0 1
+4 0 1
+4 0 1
+4 0 1

fn=(438) 0x0000000004a32590
0x4a32590 0 1
+4 0 1
+4 0 1
+7 0 1
+3 0 1
+4 0 1
+4 0 1

fn=(662) 0x0000000004fd7bb0
0x4fd7bb0 0 2
+4 0 2
cob=(3)
cfi=(69)
cfn=(664) free
calls=2 0x9b950 0 
* 0 202

fn=(492) 0x0000000004fd7ac0
0x4fd7ac0 0 1
+4 0 1
cob=(1)
cfi=(40) /usr/src/debug/glibc-2.28-251.el8_10.25.x86_64/elf/dl-audit.c
cfn=(494) _dl_audit_preinit
calls=1 0x19a20 118 
* 0 5

fn=(858) 0x0000000004c40500
0x4c40500 0 1
+4 0 1
cob=(3)
cfi=(69)
cfn=(838)
calls=1 0x51100 0 
* 0 75

fn=(578) 0x0000000004fd7a60
0x4fd7a60 0 1
+4 0 1
cob=(3)
cfi=(69)
cfn=(580) __strchr_avx2
calls=1 0xaa480 0 
* 0 21

fn=(598) 0x0000000004fd7b50
0x4fd7b50 0 173748
+4 0 173748
cob=(3)
cfi=(69)
cfn=(600) __memset_avx2_unaligned_erms
calls=173748 0xa8400 0 
* 0 3421884

fn=(530) 0x0000000004fd7990
0x4fd7990 0 3
+4 0 3
cob=(3)
cfi=(69)
cfn=(532) malloc
calls=3 0x9b2c0 0 
* 0 415154

fn=(548) 0x0000000004fd7a40
0x4fd7a40 0 12
+4 0 12
cob=(1)
cfi=(9) /usr/src/debug/glibc-2.28-251.el8_10.25.x86_64/elf/dl-tunables.c
cfn=(22) __tunable_get_val
calls=12 0x181d0 412 
* 0 267

ob=(4) /usr/lib64/libm-2.28.so
fl=(70) ???
fn=(392) exp2f
0x4dd80 0 1
+4 0 1
+7 0 1
+7 0 1
+7 0 1
+2 0 1
+7 0 1
+7 0 1
+4 0 1

fn=(394) truncf
0x47550 0 1
+4 0 1
+7 0 1
+7 0 1
+7 0 1
+7 0 1
+4 0 1

fn=(852) 0x000000000000c590
0xc590 0 1
+4 0 1
+7 0 1
+2 0 1
+1 0 1
+8 0 1
+3 0 1
+2 0 1
+7 0 1
cob=(2)
cfi=(42)
cfn=(858)
calls=1 0x4c40500 0 
* 0 77
+5 0 1
cfn=(862) 0x000000000000c520
calls=1 0xc520 0 
* 0 5
+5 0 1
+7 0 1
+1 0 1

fn=(374) __pow_finite
0x2caf0 0 1
+4 0 1
+7 0 1
+7 0 1
+2 0 1
+7 0 1
+7 0 1
+27 0 1

fn=(382) __acos_finite
0x23840 0 1
+4 0 1
+7 0 1
+7 0 1
+2 0 1
+7 0 1
+7 0 1
+27 0 1

fn=(358) expf
0x414d0 0 1
+4 0 1
+7 0 1
+7 0 1
+7 0 1
+2 0 1
+7 0 1
+7 0 1
+4 0 1

fn=(384) sinf
0x47300 0 1
+4 0 1
+7 0 1
+7 0 1
+7 0 1
+2 0 1
+7 0 1
+7 0 1
+4 0 1

fn=(386) floorf
0x46bf0 0 1
+4 0 1
+7 0 1
+7 0 1
+7 0 1
+7 0 1
+4 0 1

fn=(396) __atan2_finite
0x279d0 0 1
+4 0 1
+7 0 1
+6 0 1
+3 0 1
+2 0 1
+7 0 1
+7 0 1
+42 0 1

fn=(362) logf
0x43fd0 0 1
+4 0 1
+7 0 1
+7 0 1
+7 0 1
+2 0 1
+7 0 1
+7 0 1
+4 0 1

fn=(364) rint
0x317c0 0 1
+4 0 1
+7 0 1
+7 0 1
+7 0 1
+7 0 1
+4 0 1

fn=(360) cos
0x32cc0 0 1
+4 0 1
+7 0 1
+6 0 1
+3 0 1
+2 0 1
+7 0 1
+7 0 1
+42 0 1

fn=(388) floor
0x31070 0 1
+4 0 1
+7 0 1
+7 0 1
+7 0 1
+7 0 1
+4 0 1

fn=(462) 0x000000000000c5d0
0xc550 0 1
+7 0 1
+7 0 1
+3 0 1
+4 0 1
+3 0 1
+4 0 1
+3 0 1
+3 0 1
+22 0 1
+72 0 1
+4 0 1

fn=(376) log2f
0x478b0 0 1
+4 0 1
+7 0 1
+7 0 1
+7 0 1
+2 0 1
+7 0 1
+7 0 1
+4 0 1

fn=(366) sincosf
0x47980 0 1
+4 0 1
+7 0 1
+7 0 1
+7 0 1
+2 0 1
+7 0 1
+7 0 1
+4 0 1

fn=(378) __log_finite
0x2bd10 0 1
+4 0 1
+7 0 1
+6 0 1
+3 0 1
+2 0 1
+7 0 1
+7 0 1
+42 0 1

fn=(398) sin
0x32c70 0 1
+4 0 1
+7 0 1
+6 0 1
+3 0 1
+2 0 1
+7 0 1
+7 0 1
+42 0 1

fn=(862)
0xc520 0 1
+7 0 1
+7 0 1
+3 0 1
+23 0 1

fn=(368) powf
0x44490 0 1
+4 0 1
+7 0 1
+7 0 1
+7 0 1
+2 0 1
+7 0 1
+7 0 1
+4 0 1

fn=(370) ceilf
0x45df0 0 1
+4 0 1
+7 0 1
+7 0 1
+7 0 1
+7 0 1
+4 0 1

fn=(390) __asin_finite
0x23800 0 1
+4 0 1
+7 0 1
+7 0 1
+2 0 1
+7 0 1
+7 0 1
+27 0 1

fn=(372) ceil
0x30080 0 1
+4 0 1
+7 0 1
+7 0 1
+7 0 1
+7 0 1
+4 0 1

fn=(380) rintf
0x471d0 0 1
+4 0 1
+7 0 1
+7 0 1
+7 0 1
+7 0 1
+4 0 1

fn=(354) cosf
0x45e20 0 1
+4 0 1
+7 0 1
+7 0 1
+7 0 1
+2 0 1
+7 0 1
+7 0 1
+4 0 1

fn=(400) trunc
0x38440 0 1
+4 0 1
+7 0 1
+7 0 1
+7 0 1
+7 0 1
+4 0 1

fn=(356) __exp_finite
0x28380 0 1
+4 0 1
+7 0 1
+6 0 1
+3 0 1
+2 0 1
+7 0 1
+7 0 1
+42 0 1

ob=(1)
fl=(48) /usr/src/debug/glibc-2.28-251.el8_10.25.x86_64/io/../sysdeps/unix/sysv/linux/lseek64.c
fn=(166) lseek
0x24c70 28 3
+4 +8 3
+5 * 3
+2 * 3
+6 * 3
+2 +2 3

fl=(1) ???
fn=(0) 0x000000000001ef10
0x1ef10 0 1
+3 0 1
cfi=(2) /usr/src/debug/glibc-2.28-251.el8_10.25.x86_64/elf/rtld.c
cfn=(2) _dl_start
calls=1 0x1fbf0 504 
* 0 182350
+5 0 1
+3 0 1
+6 0 1
+1 0 1
+4 0 1
+2 0 1
+1 0 1
+3 0 1
+3 0 1
+4 0 1
+7 0 1
+5 0 1
+4 0 1
+2 0 1
cfi=(75) /usr/src/debug/glibc-2.28-251.el8_10.25.x86_64/elf/dl-init.c
cfn=(434) _dl_init
calls=1 0x91a0 79 
* 0 530
+5 0 1
+7 0 1
+3 0 1
cob=(6) /h/esolim01/cs40/um_profiling/um
cfi=(77) ???
cfn=(470) (below main)
calls=1 0x400d00 0 
* 0 41429323732

fl=(46) /usr/src/debug/glibc-2.28-251.el8_10.25.x86_64/io/../sysdeps/unix/sysv/linux/open64_nocancel.c
fn=(162) __open_nocancel
0x24da0 34 26
+4 +3 26
+3 -3 26
+5 +3 26
+4 * 26
+2 * 26
+2 * 26
+5 * 26
+5 * 26
+2 +8 26
+2 * 26
+5 * 26
+3 * 26
+5 * 26
+2 * 26
+6 * 26
+2 +2 4
+47 -2 22
+2 * 22
+6 * 22
+5 +2 22

fl=(73) /usr/src/debug/glibc-2.28-251.el8_10.25.x86_64/elf/dl-call-libc-early-init.c
fn=(414) _dl_call_libc_early_init
0x6260 27 1
+4 +2 1
+3 * 1
+2 -2 1
+1 +6 1
+6 * 1
+2 * 1
+7 -6 1
+1 +6 1
+5 * 1
+7 * 1
+3 -6 1
+4 +6 1
cfi=(74) /usr/src/debug/glibc-2.28-251.el8_10.25.x86_64/elf/dl-lookup-direct.c
cfn=(416) _dl_lookup_direct
calls=1 0xf090 +41 
* * 193
+5 +4 1
+3 * 1
+2 +2 1
+5 * 1
+2 * 1
+3 * 1
+4 +2 1
+4 -1 1
+4 +1 1
+1 * 1
+1 -1 1
cob=(3)
cfi=(69)
cfn=(420) __libc_early_init
calls=1 0x179e30 -40 
* * 19

fl=(67) /usr/src/debug/glibc-2.28-251.el8_10.25.x86_64/elf/dl-reloc.c
fn=(350) _dl_protect_relro
0x12620 348 5
+4 +1 5
+7 * 5
+7 * 5
+3 * 5
+3 +3 5
+7 -3 5
+3 +3 5
+3 -3 5
+3 +3 5
+3 +4 5
+3 * 5
+10 -8 5
+1 +9 5
+3 * 5
+3 * 5
+5 * 5
+3 * 5
cfi=(53) /usr/src/debug/glibc-2.28-251.el8_10.25.x86_64/misc/../sysdeps/unix/syscall-template.S
cfn=(182) mprotect
calls=5 0x1ee0 78 
* * 30
+5 * 5
+2 * 5
+2 +6 5
+1 * 5

fn=(254) _dl_relocate_object
0x12760 167 6
+4 * 6
+1 * 6
+3 * 6
+2 * 6
+2 * 6
+2 * 6
+2 * 6
+1 * 6
+7 * 6
+7 * 6
+6 +1 6
+7 * 6
+6 +12 5
+3 +1 5
+2 +3 5
+3 * 5
+3 -3 5
+5 -1 5
+4 +6 5
+6 -2 5
+7 -3 5
+6 +5 5
+2 * 5
+3 +3 5
+6 -1 5
+7 +1 5
+2 * 5
+81 +22 5
+6 * 5
+6 * 5
+3 * 5
+2 * 5
+6 +4 2
+2 * 2
+6 +7 2
+7 * 2
+7 * 2
+3 * 2
+6 +44 2
fi=(5) /usr/src/debug/glibc-2.28-251.el8_10.25.x86_64/elf/../sysdeps/x86_64/dl-machine.h
+4 76 2
fe=(67)
+8 266 2
+4 * 2
fi=(5)
+7 76 2
+2 * 2
+3 * 2
+2 +6 2
+4 * 2
+4 +4 2
+4 * 2
+3 * 2
+6 +14 2
+6 -8 2
+4 +8 2
+2 * 2
+6 +20 2
+8 * 2
+6 +4 2
+7 * 2
+7 * 2
+7 -2 2
+6 +2 2
+4 -2 2
+4 * 2
fe=(67)
+6 294 2
+4 * 2
+4 * 2
+4 * 2
+4 * 2
+4 * 2
+4 * 2
+3 * 2
-27 * 3
+4 * 3
+4 * 3
+4 * 3
+4 * 3
+4 * 3
+4 * 3
+3 * 3
+6 * 5
+7 * 5
+4 * 5
+4 * 5
+7 * 5
+4 * 5
+4 * 5
+4 * 5
+3 * 5
+2 * 4
+4 * 4
+4 * 4
+8 * 4
-8 * 1
+8 * 1
+2 * 5
+7 * 5
+4 * 5
+4 * 5
+4 * 5
+4 * 5
+3 * 5
+13 * 5
+3 * 5
+2 * 3
+3 * 3
+6 * 2
+4 * 2
+4 * 2
+4 * 2
+4 * 2
fi=(5)
+2 479 2
+3 * 2
+7 * 2
+4 * 2
fi=(4) /usr/src/debug/glibc-2.28-251.el8_10.25.x86_64/elf/do-rel.h
+7 49 2
+4 -1 2
+3 +2 2
+3 -1 2
+7 +11 2
+2 * 2
fe=(67)
-46 294 3
+4 * 3
fi=(5)
+2 479 3
+3 * 3
+7 * 3
+4 * 3
fi=(4)
+7 49 3
+4 -1 3
+3 +2 3
+3 -1 3
+7 +11 3
+2 * 3
-19 -11 5
+4 -1 5
+3 +2 5
+3 -1 5
+7 +11 5
+2 * 5
+6 -7 2
+3 -1 2
+2 +11 2
+3 * 2
+6 * 2
+3 * 2
+3 * 2
+7 * 2
fi=(5)
+6 549 28
+4 * 28
+3 +4 28
+4 * 28
+6 +3 28
+7 * 28
+3 * 28
+6 +1 28
fi=(4)
+4 63 28
+4 * 28
+3 * 28
+2 +2 28
+5 * 28
+2 * 28
+4 * 28
+23 -2 2
+3 * 2
+3 +13 2
+3 * 2
fe=(67)
+80 294 10
+8 * 10
+7 * 10
+7 * 10
+6 +3 5
+6 * 5
+3 * 5
+2 * 5
+6 * 5
+7 * 5
+6 +24 5
+8 +3 5
+8 * 5
+6 +17 5
+8 * 5
+6 +2 1
+4 * 1
+1 * 1
+2 * 1
+2 * 1
+2 * 1
+2 * 1
+1 * 1
+11 212 5
+8 * 5
+6 +3 3
+2 * 3
+6 +7 3
+7 * 3
+7 * 3
+3 * 3
+6 +44 3
+4 -53 3
+3 +53 3
+4 * 3
fi=(5)
+7 76 3
fi=(4)
0x12c60 +10 8
+4 +2 8
+7 +12 8
+7 -15 8
+4 +3 8
+4 * 8
+4 -3 8
+7 +3 8
+4 +12 8
+3 * 8
+2 +10 6
+3 * 6
+6 * 1
+8 * 1
+6 +10 5
+7 * 5
+3 * 5
+6 +3 7
+4 * 7
+7 +3 7
+7 * 7
+6 -73 4
+11 -1 4
fi=(5)
+11 489 4
+7 * 4
+3 * 4
fi=(4)
+3 128 4
+4 * 4
+7 +1 4
+7 +1 4
+7 -2 4
+3 +2 4
+3 +3 4
+3 -5 4
+4 +2 4
+7 -2 4
+4 +1 4
+4 * 4
+4 +2 4
+5 -2 4
+4 +2 4
+4 * 4
+7 * 4
+4 +2 4
+4 * 4
-85 -5 198
+4 * 198
+7 +1 198
+7 +1 198
+7 -2 198
+3 +2 198
+3 +3 198
+3 -5 198
+4 +2 198
+7 -2 198
+4 +1 198
+4 * 198
+4 +2 198
+5 -2 198
+4 +2 198
+4 * 198
+7 * 198
+4 +2 198
+4 * 198
+6 +9 137
fi=(5)
+4 274 137
+4 * 137
+6 +21 137
+4 * 137
+6 +4 137
+3 * 137
+6 +7 137
+5 * 137
+2 * 137
+3 * 137
fi=(68) /usr/src/debug/glibc-2.28-251.el8_10.25.x86_64/elf/../sysdeps/generic/ldsodefs.h
+6 126 120
+5 * 120
+3 * 120
fi=(5)
+3 306 120
+3 * 120
+6 * 120
+7 * 120
+6 * 116
+4 * 116
+6 * 88
+4 * 88
+6 * 89
+5 * 89
+4 * 89
+4 * 89
+4 * 89
+3 * 89
+3 * 89
+4 * 89
+4 * 89
+6 * 116
+3 * 116
+3 * 116
+4 * 116
+4 * 116
+7 * 116
+3 * 116
+7 * 116
+3 * 116
-20 * 1
+7 * 1
+3 * 1
+7 * 1
+3 * 1
+2 * 117
+4 * 117
+2 * 117
+4 * 117
+4 * 117
+2 * 117
+4 * 117
+3 * 117
+7 * 117
+7 * 117
+2 * 117
+7 * 117
cfi=(7) /usr/src/debug/glibc-2.28-251.el8_10.25.x86_64/elf/dl-lookup.c
cfn=(262) _dl_lookup_symbol_x
calls=117 0xe000 852 
* * 67860
+5 * 117
+4 * 117
+7 * 117
+7 * 117
+3 * 117
+7 * 117
+1 * 117
+1 +1 117
+3 * 117
+3 * 117
-6 * 3
+3 * 3
+3 * 3
+6 +24 137
+4 * 137
+6 * 137
+7 * 137
+4 * 137
+3 * 137
+17 455 117
+7 * 117
+4 * 117
+3 +1 117
fi=(4)
+3 145 117
+4 * 117
-4 * 19
+4 * 19
+6 -19 202
+4 * 202
+7 * 202
+6 +32 4
+7 * 4
+3 * 4
+7 * 4
+3 * 4
+6 +1 3
+7 * 3
+3 * 3
fi=(5)
+6 306 3
+4 * 3
+7 * 3
+3 * 3
fi=(4)
+12 159 13
+4 * 13
+3 * 13
+6 +1 78
+4 * 78
+3 * 78
+2 +3 65
+7 * 65
+4 +4 65
+3 -3 65
+7 +2 65
+7 -3 65
+4 +2 65
+4 +2 65
+3 -3 65
+4 * 65
fi=(5)
+4 306 65
+5 * 65
+2 * 65
+3 * 65
0x12fee 512 65
fi=(4)
+4 159 65
fi=(5)
+4 512 65
+3 +1 65
cfi=(14) /usr/src/debug/glibc-2.28-251.el8_10.25.x86_64/elf/../sysdeps/x86/dl-get-cpu-features.c
cfn=(412) __x86_cpu_features
calls=1 0x192d0 42 
* * 6
cob=(4)
cfi=(70)
cfn=(400)
calls=1 0x38440 0 
* * 7
cob=(4)
cfi=(70)
cfn=(398)
calls=1 0x32c70 0 
* * 9
cob=(4)
cfi=(70)
cfn=(396)
calls=1 0x279d0 0 
* * 9
cob=(4)
cfi=(70)
cfn=(394)
calls=1 0x47550 0 
* * 7
cob=(4)
cfi=(70)
cfn=(392)
calls=1 0x4dd80 0 
* * 9
cob=(4)
cfi=(70)
cfn=(390)
calls=1 0x23800 0 
* * 8
cob=(4)
cfi=(70)
cfn=(388)
calls=1 0x31070 0 
* * 7
cob=(4)
cfi=(70)
cfn=(386)
calls=1 0x46bf0 0 
* * 7
cob=(4)
cfi=(70)
cfn=(384)
calls=1 0x47300 0 
* * 9
cob=(4)
cfi=(70)
cfn=(382)
calls=1 0x23840 0 
* * 8
cob=(4)
cfi=(70)
cfn=(380)
calls=1 0x471d0 0 
* * 7
cob=(4)
cfi=(70)
cfn=(378)
calls=1 0x2bd10 0 
* * 9
cob=(4)
cfi=(70)
cfn=(376)
calls=1 0x478b0 0 
* * 9
cob=(4)
cfi=(70)
cfn=(374)
calls=1 0x2caf0 0 
* * 8
cob=(4)
cfi=(70)
cfn=(372)
calls=1 0x30080 0 
* * 7
cob=(4)
cfi=(70)
cfn=(370)
calls=1 0x45df0 0 
* * 7
cob=(4)
cfi=(70)
cfn=(368)
calls=1 0x44490 0 
* * 9
cob=(4)
cfi=(70)
cfn=(366)
calls=1 0x47980 0 
* * 9
cob=(4)
cfi=(70)
cfn=(364)
calls=1 0x317c0 0 
* * 7
cob=(4)
cfi=(70)
cfn=(362)
calls=1 0x43fd0 0 
* * 9
cob=(4)
cfi=(70)
cfn=(360)
calls=1 0x32cc0 0 
* * 9
cob=(4)
cfi=(70)
cfn=(358)
calls=1 0x414d0 0 
* * 9
cob=(4)
cfi=(70)
cfn=(356)
calls=1 0x28380 0 
* * 9
cob=(4)
cfi=(70)
cfn=(354)
calls=1 0x45e20 0 
* * 9
cob=(3)
cfi=(69)
cfn=(348) gettimeofday
calls=1 0xf7940 0 
* * 83
cob=(3)
cfi=(69)
cfn=(346) strncasecmp_l
calls=1 0xa0d00 0 
* * 17
cob=(3)
cfi=(69)
cfn=(344) strchrnul
calls=1 0xa2380 0 
* * 21
cob=(3)
cfi=(69)
cfn=(342) stpcpy
calls=1 0xa0a00 0 
* * 17
cob=(3)
cfi=(69)
cfn=(340) stpncpy
calls=1 0xa0a90 0 
* * 17
cob=(3)
cfi=(69)
cfn=(338) strspn
calls=1 0x9fb30 0 
* * 7
cob=(3)
cfi=(69)
cfn=(336) wcslen
calls=1 0xe5f70 0 
* * 19
cob=(3)
cfi=(69)
cfn=(334) memchr
calls=1 0xa0410 0 
* * 23
cob=(3)
cfi=(69)
cfn=(332) strcasecmp_l
calls=1 0xa0c60 0 
* * 17
cob=(3)
cfi=(69)
cfn=(330) memrchr
calls=1 0xa6e60 0 
* * 21
cob=(3)
cfi=(69)
cfn=(328) strlen
calls=1 0x9f530 0 
* * 21
cob=(3)
cfi=(69)
cfn=(326) index
calls=1 0x9ef60 0 
* * 19
cob=(3)
cfi=(69)
cfn=(324) strpbrk
calls=1 0x9f870 0 
* * 7
cob=(3)
cfi=(69)
cfn=(322) wmemset
calls=2 0xe6650 0 
* * 38
cob=(3)
cfi=(69)
cfn=(320) wcsnlen
calls=1 0xe78a0 0 
* * 19
cob=(3)
cfi=(69)
cfn=(318) memcpy@@GLIBC_2.14
calls=1 0xa0e00 0 
* * 22
cob=(3)
cfi=(69)
cfn=(316) strcpy
calls=1 0x9f090 0 
* * 17
cob=(3)
cfi=(69)
cfn=(314) strncasecmp
calls=1 0xa0bc0 0 
* * 17
cob=(3)
cfi=(69)
cfn=(312) strcspn
calls=1 0x9f120 0 
* * 7
cob=(3)
cfi=(69)
cfn=(310) strnlen
calls=2 0x9f5b0 0 
* * 42
cob=(3)
cfi=(69)
cfn=(308) wcschr
calls=2 0xe5da0 0 
* * 42
cob=(3)
cfi=(69)
cfn=(306) memset
calls=1 0xa0670 0 
* * 24
cob=(3)
cfi=(69)
cfn=(304) strcmp
calls=1 0x9efe0 0 
* * 17
cob=(3)
cfi=(69)
cfn=(302) strncmp
calls=1 0x9f6c0 0 
* * 17
cob=(3)
cfi=(69)
cfn=(300) bcmp
calls=1 0xa04a0 0 
* * 22
cob=(3)
cfi=(69)
cfn=(298) mempcpy
calls=1 0xa0770 0 
* * 22
cob=(3)
cfi=(69)
cfn=(296) wcscmp
calls=1 0xe5e20 0 
* * 21
cob=(3)
cfi=(69)
cfn=(294) wmemchr
calls=2 0xe6500 0 
* * 46
cob=(3)
cfi=(69)
cfn=(292) rawmemchr
calls=1 0xa22f0 0 
* * 23
cob=(3)
cfi=(69)
cfn=(288) time
calls=1 0xf7850 0 
* * 83
cob=(3)
cfi=(69)
cfn=(286) rindex
calls=1 0x9f7f0 0 
* * 21
cob=(3)
cfi=(69)
cfn=(284) strcat
calls=1 0x9eed0 0 
* * 17
cob=(3)
cfi=(69)
cfn=(282) strcasecmp
calls=1 0xa0b20 0 
* * 17
cob=(3)
cfi=(69)
cfn=(280) strncpy
calls=1 0x9f760 0 
* * 17
cob=(3)
cfi=(69)
cfn=(278) memmove
calls=1 0xa0540 0 
* * 22
cob=(3)
cfi=(69)
cfn=(270) __x86_cacheinfo
calls=1 0xe5a10 0 
* * 1776
+2 +1 65
fi=(4)
+4 159 65
+3 * 65
+6 * 3
+3 * 3
fi=(5)
+41 468 1
fi=(4)
+3 145 1
+4 * 1
+6 +1 28
+7 * 28
+3 * 28
fi=(5)
0x13130 495 1
+4 * 1
+3 * 1
+6 +4 1
+5 * 1
+4 * 1
+3 * 1
+7 * 1
+5 * 1
+7 * 1
cfi=(22) /usr/src/debug/glibc-2.28-251.el8_10.25.x86_64/string/../sysdeps/x86_64/multiarch/memmove-vec-unaligned-erms.S
cfn=(58) memcpy
calls=1 0x2770 190 
* * 11
+5 +2 1
+4 * 1
+5 * 1
+7 * 1
+2 +1 1
+85 -75 19
+4 * 19
+3 * 19
+6 +4 19
+7 * 19
+4 * 19
+4 * 19
+6 +5 19
+4 +9 19
+7 -9 19
+3 * 19
+4 +9 19
+3 * 19
+3 * 19
fi=(4)
0x132c0 113 6
+3 * 6
+6 * 3
+7 +1 3
fi=(5)
+4 533 3
fi=(4)
+5 114 3
fi=(5)
+3 533 3
+4 * 3
fi=(4)
-16 114 1216
fi=(5)
+4 533 1216
fi=(4)
+5 114 1216
fi=(5)
+3 533 1216
+4 * 1216
+2 +5 1219
+4 * 1219
+6 +1 1219
fi=(4)
+5 113 1219
fi=(5)
+4 539 1219
+3 * 1219
fi=(4)
+3 113 1219
+3 * 1219
+2 +7 3
+7 * 3
+3 * 3
+6 -67 1
+11 175 1
+7 * 1
+6 * 1
+7 * 1
+7 * 1
+3 * 1
+7 +2 1
+4 * 1
+7 +1 1
+7 * 1
+3 -1 1
+3 +3 1
+3 -3 1
+4 * 1
+4 * 1
+4 * 1
+4 +3 1
+4 * 1
-47 -3 5
+4 * 5
+7 +1 5
+7 * 5
+3 -1 5
+3 +3 5
+3 -3 5
+4 * 5
+4 * 5
+4 * 5
+4 +3 5
+4 * 5
+6 +8 6
fi=(5)
+4 +86 6
+4 * 6
+6 +21 6
+4 * 6
+6 +4 6
+3 * 6
+6 +7 6
+5 * 6
+2 * 6
+3 * 6
fi=(68)
+6 126 6
+5 * 6
+3 * 6
fi=(5)
+3 306 6
+3 * 6
+6 * 6
+7 * 6
+6 * 6
+4 * 6
+6 * 6
+4 * 6
+6 * 6
+5 * 6
+4 * 6
+4 * 6
+4 * 6
+3 * 6
+3 * 6
+4 * 6
+4 * 6
+6 * 6
+3 * 6
+3 * 6
+4 * 6
+4 * 6
+4 * 6
+4 * 6
+7 * 6
+3 * 6
+7 * 6
+7 * 6
+3 * 6
+2 * 6
+7 * 6
+2 * 6
+7 * 6
cfi=(7)
cfn=(262)
calls=6 0xe000 852 
* * 3292
+5 * 6
+4 * 6
+7 * 6
+7 * 6
+3 * 6
+7 * 6
+1 * 6
+1 +1 6
+3 * 6
+3 * 6
+6 +24 6
+4 * 6
+6 * 6
+7 * 6
+4 * 6
+3 * 6
+6 -25 17
+3 * 17
+3 +1 17
+4 * 17
+4 * 17
+6 * 129
+3 +3 129
+3 -3 129
+4 +3 129
+2 * 129
fi=(4)
0x13580 135 65
+7 +3 65
+7 -3 65
+3 * 65
+4 * 65
+7 +3 65
fi=(5)
+44 306 28
+6 * 28
+4 * 28
+6 * 1
+4 * 1
+12 +1 112
+4 * 112
+4 * 112
+4 * 112
+44 561 5
+7 * 5
+3 * 5
+4 * 5
+3 * 5
+47 306 65
+3 * 65
+3 +1 65
+4 * 65
+4 * 65
+6 * 65
+3 +3 65
+3 * 65
+3 * 65
fe=(67)
0x13810 +32 5
+3 * 5
cfn=(350)
calls=5 0x12620 +6 
* * 140
+5 +1 5
+4 * 5
+1 * 5
+2 * 5
+2 * 5
+2 * 5
+2 * 5
+1 * 5
+73 -49 3
+3 * 3
+4 * 3
fi=(5)
+10 +12 7
+4 * 7
+15 * 6
+2 * 6
+6 * 3
+7 * 3
+8 * 3
+7 * 3
+4 * 3
+19 455 6
+4 * 6
+3 +1 6
fi=(4)
+3 191 6
+4 * 6
+6 -16 6
+4 * 6
+7 * 6
+6 * 1
+7 * 1
+3 * 1
+7 +30 1
+3 * 1
fi=(5)
0x13cbc 307 2
+3 +3 2
+3 -3 2
+4 +3 2
+2 * 2
0x13df0 -3 2
+4 * 2
+4 * 2
+4 * 2
0x13ee4 -1 7
+10 * 7
+3 * 7
+7 * 7
+3 * 7
+3 * 7
+4 * 7
+6 * 6
+4 * 6
0x1401b * 1
+3 * 1
+2 * 1
+3 * 1
+2 * 1
fe=(67)

fl=(7)
fn=(264) do_lookup_x
0xd500 362 139
+2 * 139
+2 * 139
+2 * 139
+2 * 139
+1 * 139
+1 * 139
+4 +1 139
+4 -1 139
+5 * 139
+8 * 139
+5 * 139
+8 +6 139
+3 -6 139
+5 * 139
+5 +65 139
+3 -58 139
+3 +93 139
+5 -35 139
+4 * 139
+5 +35 139
+3 * 139
+3 * 139
+3 * 139
+10 -51 568
+6 * 568
+2 * 568
+2 +8 568
+4 -4 568
+8 +1 568
+9 +3 568
+4 * 568
+5 +1 568
+4 * 568
+4 * 568
+5 +3 568
+7 +1 568
+3 * 568
+6 +7 568
+5 * 568
+6 -3 568
+4 * 568
+6 -2 568
+4 +5 568
+3 * 568
+3 * 568
+3 +3 568
+3 * 568
+3 * 568
+2 * 568
+3 * 568
+3 * 568
+2 * 568
+6 582 442
+4 * 442
+3 * 442
+6 373 569
+4 * 569
+4 +3 569
+8 * 569
+2 +4 569
+3 * 569
+3 * 569
+4 * 569
+2 * 4
+7 * 4
+2 +21 568
+7 * 568
+30 +4 568
+7 * 568
0xd768 +88 127
+9 * 127
fi=(68)
+6 126 127
+5 * 127
+3 * 127
fe=(7)
+3 544 127
+3 * 127
+6 +3 127
+5 * 127
+3 * 127
+2 * 127
+6 * 110
+2 * 110
+6 * 110
+2 * 110
+6 +16 127
+5 * 127
+3 +1 127
+4 +22 127
+4 -21 127
+5 +21 127
+1 * 127
+1 * 127
+2 * 127
+2 * 127
+2 * 127
+2 * 127
+6 438 138
+3 * 138
+2 * 138
+3 -1 138
+7 * 138
+3 +2 138
+2 * 138
+6 +2 137
+7 +6 137
+5 * 137
+5 * 137
+8 * 137
+3 * 137
+3 -6 137
+4 +6 137
+5 * 137
+5 * 137
+3 * 137
+3 * 137
+3 +7 138
+4 * 138
+3 * 138
+6 -10 265
+3 * 265
+3 * 265
+3 * 265
+3 * 265
+2 +2 127
+3 * 127
+7 +1 127
+4 * 127
+3 -1 127
+4 +1 127
+2 +1 127
+2 -1 127
+1 * 127
+1 +1 127
+4 -1 127
+4 * 127
+1 * 127
+5 * 127
+7 * 127
+5 * 127
+5 * 127
+4 * 127
+8 * 127
cfn=(266) check_match
calls=127 0xd360 69 
* * 13315
+5 +4 127
+4 * 127
+3 * 127
+19 586 12
+4 -1 12
+2 +1 12
+1 * 12
+1 * 12
+2 * 12
+2 * 12
+2 * 12
+2 * 12
0xd9a8 -35 17
+6 * 17
+2 * 17
0xdafd -66 10
+5 * 10
0xddc5 319 10
+3 * 10
+5 * 10
+5 * 10
+8 * 10
0xdf0e -31 127
+3 * 127
+3 * 127
+5 * 127
+5 * 127
+8 * 127

fn=(12) _dl_setup_hash
0xef10 972 5
+4 +3 5
+7 * 5
+3 * 5
+2 +2 5
+4 +2 5
+2 * 5
+6 +2 5
+3 -1 5
+3 +3 5
+4 * 5
+3 * 5
+2 +1 5
+7 +4 5
+2 -3 5
+4 +7 5
+3 -7 5
+3 +3 5
+4 -1 5
+7 +3 5
+7 +2 5
+4 -7 5
+6 +7 5
+7 +5 5

fn=(262)
0xe000 852 139
+4 * 139
+2 * 139
+3 * 139
+2 * 139
+3 * 139
+2 * 139
+2 * 139
+3 * 139
+1 * 139
+3 * 139
+1 * 139
+7 593 139
+3 852 139
+5 * 139
+5 593 139
+2 * 139
+6 * 139
+3 -1 139
+5 * 139
+2 +2 139
+3 -1 139
+4 +1 139
+4 * 139
+3 * 139
+3 -1 139
+3 * 139
+2 * 139
-22 +1 1700
+3 -1 1700
+4 +1 1700
+4 * 1700
+3 * 1700
+3 -1 1700
+3 * 1700
+2 * 1700
+2 * 139
+2 854 139
+5 +4 139
+8 -4 139
+5 +1 139
+9 * 139
+9 +7 139
+3 * 139
+2 * 124
+8 * 124
+6 +3 139
+5 * 139
+4 * 139
+9 * 139
+3 * 139
+6 +6 139
+3 * 139
+6 -7 139
+9 * 139
+5 * 139
+5 * 139
+5 * 139
+5 * 139
+5 * 139
+5 * 139
+4 +7 12
+4 * 12
+4 * 12
+4 * 12
+2 * 12
+3 * 12
+2 +1 139
+2 * 139
+4 * 139
+3 * 139
+1 * 139
+7 * 139
+7 * 139
+1 * 139
+3 * 139
+2 * 139
+1 * 139
+5 * 139
+5 * 139
cfn=(264)
calls=139 0xd500 362 
* * 52776
+5 * 139
+4 * 139
+2 * 139
+2 * 127
+4 +5 127
+6 * 127
-6 * 12
+6 * 12
+6 +24 127
+3 * 127
+2 * 123
+4 * 123
+3 * 123
+2 * 123
+2 * 127
+5 * 127
+2 +40 127
+8 * 127
+3 * 127
+2 * 127
+6 +14 127
+7 * 127
+2 * 127
+6 +3 127
+6 * 127
+5 * 127
+6 +5 127
+5 * 127
+4 +2 127
+7 * 127
+3 * 127
+1 * 127
+1 * 127
+2 * 127
+2 * 127
+2 * 127
+2 * 127
-20 * 12
+7 * 12
+3 * 12
+1 * 12
+1 * 12
+2 * 12
+2 * 12
+2 * 12
+2 * 12
0xe280 -86 12
+3 * 12
+2 * 12
+4 * 12
+3 * 12
+2 * 12
0xe306 +17 12
+8 +1 12
+3 * 12
0xe4f1 +59 1
+11 * 1

fn=(266)
0xd360 69 127
+2 * 127
+2 * 127
+1 * 127
+1 * 127
+4 * 127
+5 * 127
+5 * 127
+5 * 127
+3 +3 127
+5 * 127
+6 * 127
+4 * 127
+4 * 127
+4 * 127
+3 * 127
+6 +13 127
+6 * 127
+4 * 127
+6 * 127
+3 * 127
+3 * 127
+3 * 127
+3 * 127
+3 +3 127
+3 * 127
+2 * 53
+3 * 53
+5 * 53
cfi=(24) /usr/src/debug/glibc-2.28-251.el8_10.25.x86_64/string/../sysdeps/x86_64/strcmp.S
cfn=(68) strcmp
calls=53 0x2fb0 +21 
* * 2765
+5 * 53
+2 * 53
+6 +4 127
+7 +1 127
+3 * 127
+2 +2 124
+3 * 124
+6 +19 124
+4 * 124
+5 +1 124
+3 * 124
+5 * 124
+4 * 124
+7 * 124
+4 * 124
+3 * 124
+5 * 124
+15 +46 127
+4 -84 127
+3 +84 127
+1 * 127
+1 * 127
+2 * 127
+2 * 127
+2 -18 3
+3 * 3
+2 +2 3
+4 * 3
+4 +1 3
+2 -1 3
+2 * 3
+6 +1 3
+4 * 3
+3 * 3
+3 -1 3
+2 * 3
+61 -29 124
+4 * 124
+3 * 124
cfi=(24)
cfn=(68)
calls=124 0x2fb0 -7 
* * 3569
+5 * 124
+2 * 124

fl=(9)
fn=(16) __GI___tunables_init
0x17b20 289 1
+4 * 1
+2 * 1
+3 * 1
+2 * 1
+2 * 1
+2 * 1
+1 * 1
+1 * 1
+4 -9 1
+6 * 1
+2 * 1
+6 * 1
+5 69 1
+3 * 1
+6 * 75
+3 * 75
+3 * 75
+6 +6 74
+4 -3 74
+4 +3 74
+3 * 74
+6 * 74
+4 * 74
+6 * 74
+5 * 74
+3 * 835
+3 * 835
+4 * 835
+4 * 835
+2 * 835
-10 * 74
+4 * 74
+4 * 74
+2 * 74
+2 * 909
+3 * 909
+2 +4 74
+2 * 74
+6 +5 74
+4 * 74
+4 * 74
+5 297 74
+3 * 74
fi=(10) /usr/src/debug/glibc-2.28-251.el8_10.25.x86_64/elf/dl-tunables.h
+6 124 74
+4 * 74
+7 * 74
+5 +1 74
+4 * 74
+2 * 10
+8 -1 10
+3 +1 10
+2 * 10
fe=(9)
+30 330 74
+7 * 74
+7 * 74
+3 * 74
+4 -12 74
+3 * 74
-3 * 2294
+3 * 2294
+2 * 2368
+4 * 2368
+3 * 2368
fi=(10)
+2 124 666
+3 * 666
+3 * 666
+2 * 666
+2 +1 666
+2 * 666
+2 * 666
+2 * 666
+2 * 79
+5 * 79
+3 * 107
+4 * 107
+2 * 107
+2 * 28
+2 * 28
+2 -1 107
+4 * 107
+4 * 107
+2 * 107
fe=(9)
+10 312 2368
+4 * 2368
+4 * 2368
+4 * 2368
+2 * 74
+3 69 74
+3 * 74
+6 364 1
+4 * 1
+1 * 1
+1 * 1
+2 * 1
+2 * 1
+2 * 1
+2 * 1

fn=(22)
0x181d0 412 26
+4 +3 26
+2 * 26
+7 * 26
+8 * 26
+3 * 26
+4 * 26
+4 * 26
+3 * 26
+2 * 23
+2 * 23
+2 * 19
+3 * 19
+2 +4 19
+8 * 19
+3 * 19
+5 * 19
+3 +22 19
+8 * 19
+3 * 19
+4 * 19
+5 * 19
-20 * 7
+8 * 7
+3 * 7
+4 * 7
+5 * 7
+19 +2 26
+8 -9 3
+4 * 3
+3 +1 3
+9 -11 4
+4 * 4
+2 +1 4

fl=(19) /usr/src/debug/glibc-2.28-251.el8_10.25.x86_64/elf/dl-environ.c
fn=(46) _dl_next_ld_env_entry
0x1bdb0 28 3
+4 +1 3
+3 +3 3
+3 * 3
+3 * 3
+2 * 1
+9 +13 72
+4 -13 72
+3 * 72
+3 * 72
+2 +2 74
+3 * 74
+2 +1 7
+4 * 7
+2 * 2
+4 * 2
+2 +5 2
+4 -3 2
+4 +3 2
+3 +2 2
+8 +7 1

fl=(66) /usr/src/debug/glibc-2.28-251.el8_10.25.x86_64/elf/../sysdeps/x86/dl-cet.c
fn=(250) _dl_cet_check
0x19790 245 1
+4 +1 1
cfn=(252) dl_cet_check
calls=1 0x19340 39 
* * 29

fn=(252)
0x19340 39 1
+2 * 1
+2 * 1
+2 * 1
+2 * 1
+1 * 1
+1 * 1
+4 +3 1
+7 -1 1
+2 +4 1
+3 -4 1
+3 +3 1
+3 +4 1
+3 * 1
+4 +1 1
+3 * 1
+3 -1 1
+3 * 1
+6 +6 1
+7 +5 1
+4 * 1
0x19520 228 1
+4 * 1
+1 * 1
+1 * 1
+2 * 1
+2 * 1
+2 * 1
+2 * 1

fl=(65) /usr/src/debug/glibc-2.28-251.el8_10.25.x86_64/elf/dl-version.c
fn=(236) _dl_check_map_versions
0x16570 156 5
+4 * 5
+2 * 5
+2 * 5
+2 * 5
+2 * 5
+1 * 5
+1 * 5
+7 +15 5
+4 * 5
+3 * 5
+6 +2 5
+4 +3 5
+7 * 5
+4 * 5
+3 -3 5
+4 * 5
+5 +2 5
+7 +1 5
+5 -1 5
+5 +3 5
+3 * 5
+6 +3 3
+4 * 3
+3 -16 3
+3 -8 3
+8 +28 3
+4 -4 3
+5 +4 3
+6 * 3
+3 * 3
+3 * 3
+2 +16 3
+5 37 3
+7 201 3
+3 37 3
+4 201 3
+5 37 3
+4 * 3
+4 * 3
+4 * 3
+3 * 3
-39 201 1
+5 37 1
+7 201 1
+3 37 1
+4 201 1
+5 37 1
+4 * 1
+4 * 1
+4 * 1
+3 * 1
+9 +1 14
+4 -1 14
+3 * 14
+6 +2 18
+3 * 18
+3 * 18
cfi=(45) /usr/src/debug/glibc-2.28-251.el8_10.25.x86_64/elf/dl-misc.c
cfn=(158) _dl_name_match_p
calls=18 0xfea0 340 
* * 1643
+5 * 18
+2 * 18
+2 209 4
+4 * 4
+2 * 4
+6 +5 4
+5 -71 4
+5 * 4
+5 +71 4
+3 * 4
+3 -71 4
+8 * 4
+5 * 4
+6 +79 4
+4 -2 4
+4 -2 4
+5 +4 4
+5 -4 4
+5 * 4
+5 * 4
+3 * 4
+4 * 4
+5 * 4
+4 * 4
+5 * 4
-49 +4 5
+4 -2 5
+4 -2 5
+5 +4 5
+5 -4 5
+5 * 5
+5 * 5
+3 * 5
+4 * 5
+5 * 5
+4 * 5
+5 * 5
+2 * 3
+7 * 3
+3 * 3
+7 * 3
+3 * 3
+4 57 3
+4 * 3
+4 +8 3
+7 * 3
+3 * 3
-18 -8 6
+4 * 6
+4 +8 6
+7 * 6
+3 * 6
+6 +6 9
+7 * 9
+3 * 9
+6 +16 9
+4 +1 9
+3 * 9
+6 +2 9
+4 +5 9
+4 * 9
+2 * 9
+5 * 9
+3 * 9
+3 * 9
+3 * 9
+3 +14 9
+4 * 9
-4 * 68
+4 * 68
+6 +12 68
+4 * 68
+2 * 68
+6 +4 68
+3 -30 68
+6 * 68
0x167dd 225 9
+4 * 9
+5 * 9
+3 * 9
+4 +3 9
+3 * 9
+2 * 9
+2 +5 5
+3 -11 5
+9 111 9
+4 +3 9
+5 * 9
+5 * 9
+3 * 9
cfi=(24)
cfn=(68)
calls=9 0x2fb0 -5 
* * 334
+5 * 9
+2 * 9
+6 * 9
+3 * 9
+7 * 4
+5 237 4
+5 * 4
+3 * 4
+2 * 4
+6 +5 1
+3 * 1
+5 -43 1
0x169e2 +11 3
+3 +41 3
+6 * 3
+3 * 3
+3 * 3
+2 +3 3
+5 * 3
+4 * 3
+3 * 3
+9 +10 43
+3 -7 43
+4 * 43
+5 * 43
+3 * 43
+4 +3 43
+3 * 43
+2 * 43
-21 -3 3
+4 * 3
+5 * 3
+3 * 3
+4 +3 3
+3 * 3
+2 * 3
+2 +8 4
+3 * 4
+6 +6 4
fi=(21) /usr/src/debug/glibc-2.28-251.el8_10.25.x86_64/elf/../include/rtld-malloc.h
+4 44 4
fe=(65)
+5 274 4
fi=(21)
+3 44 4
cfi=(6) /usr/src/debug/glibc-2.28-251.el8_10.25.x86_64/elf/dl-minimal.c
cfn=(50) rtld_calloc
calls=4 0x1ceb0 171 
* * 112
fe=(65)
+6 273 4
+7 +2 4
+3 * 4
+6 +13 4
+7 +2 4
+5 -5 4
+7 +3 4
+4 * 4
+7 +2 4
+3 * 4
+6 +3 3
+5 * 3
+4 * 3
+3 +4 3
+3 * 3
+3 * 3
-6 * 1
+3 * 1
+3 * 1
+10 +18 5
+3 -15 5
+4 * 5
+2 * 5
+5 +2 5
+4 * 5
+3 * 5
-18 -2 4
+4 * 4
+2 * 4
+5 +2 4
+4 * 4
+3 * 4
+2 +2 9
+3 +1 9
+5 -1 9
+3 * 9
+4 +1 9
+3 -1 9
+4 +1 9
+3 +1 9
+3 -2 9
+4 +2 9
+3 * 9
+3 +1 9
+3 * 9
+3 * 9
+4 +3 9
+3 * 9
+2 * 9
+2 +8 4
+3 * 4
+2 * 4
+2 +5 1
+3 -28 1
+10 +62 5
+4 * 5
+7 * 5
+1 * 5
+1 * 5
+2 * 5
+2 * 5
+2 * 5
+2 * 5
+74 -29 4
+5 * 4
+3 * 4
+2 +3 3
+4 * 3
+5 * 3
+3 * 3
+9 +20 43
+3 -14 43
+4 * 43
-4 * 3
+4 * 3
+2 -2 43
+3 +6 43
+4 +1 43
+3 +1 43
+3 -1 43
+6 * 43
+4 * 43
+4 +1 43
+3 -1 43
+3 +1 43
+3 +1 43
+8 +3 43
+3 * 43
+2 * 43
-5 * 3
+3 * 3
+2 * 3
+2 * 3
+5 165 2
+3 +86 2
+6 -94 2
+8 +94 2
+6 * 1

fn=(234) _dl_check_all_versions
0x16cc0 362 1
+4 * 1
+2 * 1
+2 * 1
+1 * 1
+1 * 1
+4 +4 1
+3 * 1
+2 * 1
+3 * 1
+3 * 1
+3 -2 1
+2 * 1
+11 +4 5
+7 * 5
+2 * 5
+3 * 5
+3 * 5
+3 * 5
cfn=(236)
calls=5 0x16570 156 
* * 5008
+5 -2 5
+4 +2 5
+2 * 5
+3 * 5
+3 * 5
+2 -2 5
+3 * 5
+2 +5 1
+4 * 1
+2 * 1
+1 * 1
+1 * 1
+2 * 1
+2 * 1

fl=(36) /usr/src/debug/glibc-2.28-251.el8_10.25.x86_64/string/strdup.c
fn=(120) strdup
0x252a0 40 5
+4 * 5
+1 * 5
+3 * 5
+1 * 5
+4 +1 5
cfi=(17) /usr/src/debug/glibc-2.28-251.el8_10.25.x86_64/string/../sysdeps/x86_64/multiarch/strlen-vec.S
cfn=(40) strlen
calls=5 0x4400 * 
* * 139
+5 * 5
fi=(37) /usr/src/debug/glibc-2.28-251.el8_10.25.x86_64/string/../include/rtld-malloc.h
+4 +15 5
+3 * 5
cfi=(6)
cfn=(54) rtld_malloc
calls=5 0x1cef0 +72 
* * 95
+6 * 5
fe=(36)
+3 -12 5
+3 * 5
+2 +3 5
+3 * 5
+3 * 5
+3 * 5
cfi=(22)
cfn=(58)
calls=5 0x2770 190 
* * 63
+5 * 5
+3 +1 5
+4 * 5
+3 * 5
+1 * 5
+1 * 5

fl=(57) /usr/src/debug/glibc-2.28-251.el8_10.25.x86_64/io/../sysdeps/unix/sysv/linux/access.c
fn=(194) access
0x24ca0 25 1
+4 +2 1
+5 * 1
+2 * 1
+6 * 1
+7 * 1
+2 * 1
+6 * 1
+5 +4 1

fl=(26) /usr/src/debug/glibc-2.28-251.el8_10.25.x86_64/posix/../sysdeps/unix/syscall-template.S
fn=(76) uname
0x1f10 78 1
+4 * 1
+5 * 1
+2 * 1
+6 * 1
+2 +1 1

fl=(30) /usr/src/debug/glibc-2.28-251.el8_10.25.x86_64/elf/../sysdeps/x86_64/dl-hwcaps-subdirs.c
fn=(84) _dl_hwcaps_subdirs_active
0x1cc60 27 1
+4 +6 1
+6 * 1
+2 * 1
+5 * 1
+6 +1 1
+6 * 1
+2 * 1
+3 * 1
+2 -1 1
+2 +7 1
+2 -7 1
+6 * 1
+6 * 1
+2 +20 1
+5 -9 1
+6 * 1
+2 +3 1
+6 * 1
+2 * 1
+6 * 1
+6 * 1
+2 +2 1
+2 * 1
+6 * 1
+6 * 1
+2 +1 1
+3 * 1
+2 -6 1
+6 * 1
+6 * 1
+2 +16 1
+2 +2 1
+5 -2 1
+6 -3 1
+6 * 1
+10 +9 1

fl=(55) /usr/src/debug/glibc-2.28-251.el8_10.25.x86_64/string/../sysdeps/x86_64/multiarch/memset-vec-unaligned-erms.S
fn=(186) memset
0x29a0 169 4
+4 +1 4
+4 * 4
+3 * 4
+4 * 4
+4 * 4
+5 +5 4
+4 +1 4
+6 +3 2
+4 +1 2
+20 338 2
+3 +1 2
+4 +12 2
+3 +3 2
+4 +1 2
+2 +12 2
+4 +1 2
+4 +13 2
+4 +1 2
+7 +2 2
+2 +3 2
+4 +3 2
+4 * 2
+9 +3 2
+3 +1 2
+4 +1 2
+4 +1 2
+4 +1 2
+4 +1 2
+3 +1 2
-22 -6 30
+3 +1 30
+4 +1 30
+4 +1 30
+4 +1 30
+4 +1 30
+3 +1 30
+2 +3 2
+3 +1 2
+4 +1 2
+4 +1 2
+4 +5 2
+9 +37 2
+5 +5 2
+3 +1 2
+24 +39 2
+3 +1 2
+5 +2 2

fl=(6)
fn=(404) __rtld_malloc_init_real
0x1d3c0 89 1
+4 * 1
+2 +11 1
fi=(71) /usr/src/debug/glibc-2.28-251.el8_10.25.x86_64/elf/../sysdeps/generic/dl-hash.h
+5 -55 1
fe=(6)
+5 +54 1
+7 -10 1
fi=(71)
+2 -45 1
fe=(6)
+4 +45 1
+2 * 1
+1 * 1
+1 * 1
+3 * 1
+4 +11 1
+8 -1 1
fi=(71)
+4 -56 1
+5 +5 1
+4 * 1
+4 * 1
+3 +14 1
+3 * 1
+4 * 1
+6 * 1
+3 -17 1
+3 * 1
-30 +3 5
+4 * 5
+4 * 5
+3 +14 5
+3 * 5
+4 * 5
+6 * 5
+3 -17 5
+3 * 5
+2 * 5
+4 * 5
+4 * 5
fe=(6)
+7 +59 1
+3 * 1
fi=(71)
+3 -37 1
fe=(6)
+5 +35 1
+9 +2 1
+3 * 1
fi=(71)
+7 -32 1
fe=(6)
+4 +32 1
cfn=(408) lookup_malloc_symbol
calls=1 0x1d2f0 -30 
* * 656
+5 +1 1
+3 * 1
+3 * 1
+7 -1 1
+3 +1 1
cfn=(408)
calls=1 0x1d2f0 -31 
* * 600
+5 +1 1
+3 * 1
+3 * 1
+7 -1 1
+3 +1 1
cfn=(408)
calls=1 0x1d2f0 -32 
* * 616
+5 +1 1
+3 * 1
+3 * 1
+7 -1 1
+3 +1 1
cfn=(408)
calls=1 0x1d2f0 -33 
* * 683
+5 +5 1
+7 +1 1
+7 +1 1
+7 +1 1
+7 +1 1
+4 * 1
+1 * 1
+1 * 1
+2 * 1
+2 * 1
+2 * 1

fn=(50)
0x1ceb0 171 10
+4 * 10
+3 +4 10
+4 +4 10
+5 -1 10
+3 * 10
+3 +1 10
+3 * 10
fi=(21)
+7 56 10
cfi=(6)
cfn=(54)
calls=10 +32 +72 
* * 196
fe=(6)

fn=(114) strsep
0x1d580 341 3
+4 +3 3
+4 * 3
+3 * 3
+2 +2 3
+3 +1 3
+3 * 3
+2 +4 2
+4 * 2
+3 * 2
+2 * 2
+3 * 2
+7 * 2
+3 * 2
+3 * 2
-6 * 25
+3 * 25
+3 * 25
+2 +7 52
+4 * 52
+3 * 52
+2 * 52
+2 -2 53
+3 * 53
+2 +6 1
+4 * 1
+4 +7 1
+3 +4 1
-3 -4 1
+3 +4 1
* * 1
+5 -7 26
+4 -15 26
+4 * 26
+3 * 26
+2 * 1
+2 * 1

fn=(54)
0x1cef0 128 30
+4 +1 30
+7 * 30
+3 * 30
+6 * 29
+7 +11 29
+4 * 29
+4 +3 29
+4 -3 29
+7 +3 29
+3 * 29
-22 -3 1
+4 * 1
+4 +3 1
+4 -3 1
+7 +3 1
+3 * 1
+2 * 28
+3 * 28
+3 * 28
+3 * 28
+6 -15 2
+1 * 2
+1 * 2
+4 +20 2
+7 * 2
+3 * 2
+5 * 2
+3 +1 2
+3 * 2
+11 +2 2
+3 * 2
+3 +1 2
+3 * 2
+2 * 2
+6 * 2
+5 * 2
+5 * 2
+3 * 2
cfi=(51) /usr/src/debug/glibc-2.28-251.el8_10.25.x86_64/misc/../sysdeps/unix/sysv/linux/mmap64.c
cfn=(176) mmap
calls=2 0x24fa0 41 
* * 72
+5 +2 2
+4 * 2
+6 +2 2
+7 * 2
+3 * 2
+2 +2 2
+3 +3 2
+7 -3 2
+7 * 2
+4 +4 2
+7 +2 2
+4 * 2
+3 * 2
+1 * 2
+1 * 2
+10 -2 28
+7 +2 28
+3 -3 28
+7 +3 28
+7 -29 1
+7 -1 1
+7 +1 1
+5 +1 1
+3 * 1
+3 -2 1
+7 * 1

fn=(126) rtld_free
0x1d020 188 5
+4 +2 5
+7 * 5
+3 * 5
+2 * 5

fn=(408)
0x1d2f0 74 4
+2 * 4
+3 +3 4
+3 -3 4
+1 * 4
+3 * 4
+3 * 4
+1 +3 4
+3 -3 4
+4 +3 4
+7 -1 4
+8 +1 4
+3 * 4
+2 * 4
+2 * 4
cfi=(7)
cfn=(262)
calls=4 0xe000 852 
* * 2391
+5 +4 4
+5 * 4
+1 -4 4
+3 +4 4
+1 * 4
+4 * 4
+3 * 4
+2 * 4
+2 +1 4
+5 * 4
+2 * 4
+3 * 4
+2 * 4
+4 * 4
+4 +2 4
fi=(72) /usr/src/debug/glibc-2.28-251.el8_10.25.x86_64/elf/./dl-sym-post.h
+5 -43 4
+2 * 4
+2 +12 4
+6 * 4
+2 * 4
+2 +7 4
fe=(6)
+5 +25 4
+4 * 4
+1 * 4
+1 * 4
+2 * 4

fn=(10) __rtld_malloc_init_stubs
0x1d060 55 1
+4 +1 1
+7 * 1
+7 +1 1
+7 * 1
+7 +1 1
+7 * 1
+7 +1 1
+7 * 1
+7 +1 1

fl=(58) /usr/src/debug/glibc-2.28-251.el8_10.25.x86_64/elf/dl-deps.c
fn=(196) _dl_map_object_deps
0x7510 159 1
+4 * 1
+1 +1 1
+3 * 1
+4 * 1
+8 -1 1
+3 * 1
+2 +1 1
+4 -1 1
+2 +1 1
+4 -1 1
+3 * 1
+2 * 1
+2 * 1
+1 * 1
+7 * 1
+6 +1 1
+3 * 1
+7 * 1
+3 -1 1
+7 +1 1
+3 * 1
+3 * 1
+3 * 1
+23 * 1
+5 * 1
+6 -8 1
+8 +8 1
+5 * 1
+4 -8 1
+3 -6 1
+4 +14 1
+3 -15 1
+4 +7 1
+3 -8 1
+7 +2 1
+4 +6 1
+7 +24 1
+2 * 1
+6 * 1
+3 -28 1
+6 * 1
+6 * 1
+9 -2 1
+4 +31 1
+3 -33 1
+4 * 1
+4 +2 1
+3 * 1
+4 -2 1
+7 +2 1
+4 -1 1
+4 +1 1
+4 +6 1
+7 * 1
+3 * 1
+3 * 1
+6 +24 1
+3 * 1
+2 * 1
+3 * 1
+5 * 1
+4 * 1
+7 * 1
+4 * 1
+3 +4 1
+7 +20 1
fi=(63) /usr/src/debug/glibc-2.28-251.el8_10.25.x86_64/elf/../include/scratch_buffer.h
+7 78 1
fe=(58)
+11 180 1
fi=(63)
+8 77 1
+7 * 1
+7 * 1
+4 * 1
fe=(58)
+7 198 1
+6 +89 1
+7 -89 1
+6 303 1
+7 200 1
+10 303 1
+7 -16 1
+7 * 1
+3 -78 1
+7 * 1
+6 +4 1
+7 * 1
+7 * 1
+3 * 1
-30 -4 4
+7 * 4
+6 +4 4
+7 * 4
+7 * 4
+3 * 4
+17 +11 5
+5 * 5
+6 * 2
+8 * 2
+6 -18 2
+3 +18 2
+8 * 2
+6 433 5
+7 * 5
+3 * 5
+2 +2 3
+4 * 3
+3 +3 3
+4 -3 3
+8 +3 3
fi=(21)
+4 56 3
cfi=(6)
cfn=(54)
calls=3 0x1cef0 +72 
* * 57
+6 * 3
fe=(58)
+3 439 3
+3 * 3
+6 +6 3
+3 +1 3
+4 * 3
+7 * 3
+4 * 3
+3 * 3
cfi=(22)
cfn=(58)
calls=3 0x2770 190 
* * 33
+5 +1 3
+4 * 3
+3 * 3
+3 * 3
+4 * 3
cfi=(22)
cfn=(58)
calls=3 0x2770 190 
* * 33
+5 +4 3
+8 -1 3
+7 +5 3
+7 * 3
+3 * 3
+3 * 3
-13 * 2
+7 * 2
+3 * 2
+3 * 2
+2 202 4
+7 * 4
+4 * 4
+7 458 4
+3 * 4
+3 * 4
+6 -1 5
+4 +1 5
+3 * 5
+2 * 1
+7 * 1
+7 199 1
+10 * 1
+11 +27 3
+4 +11 3
+4 -5 3
+7 -6 3
+4 * 3
+7 +5 3
+7 +2 3
+6 * 3
+6 +1 3
+6 * 3
+6 +3 3
+3 * 3
+3 * 3
+6 * 3
+7 +66 3
+7 -97 3
+3 +97 3
+7 -66 3
+7 +1 3
+4 * 3
+6 * 3
+10 +6 3
+7 * 3
+4 * 3
+3 * 3
cfi=(28) /usr/src/debug/glibc-2.28-251.el8_10.25.x86_64/elf/dl-load.c
cfn=(118) _dl_dst_count
calls=3 0xbac0 -8 
* * 150
-14 * 2
+7 * 2
+4 * 2
+3 * 2
cfi=(28)
cfn=(118)
calls=2 0xbac0 -8 
* * 108
+5 * 5
+3 * 5
+3 * 5
0x792e +4 5
+7 * 5
+7 * 5
+7 -2 5
+7 +2 5
cob=(2)
cfi=(42)
cfn=(148)
calls=5 0x4001040 0 
* * 14031
+5 +1 5
+8 * 5
+6 +9 5
+7 +2 5
+7 * 5
+2 +5 3
+3 * 3
+3 * 3
+23 * 3
+4 * 3
+6 +6 3
+7 +2 3
+7 -8 3
+5 * 3
+4 +3 3
+4 +1 3
+6 +1 3
+8 +1 3
+4 +4 3
+7 * 3
+7 * 3
+3 * 3
+3 * 3
+6 +4 3
+7 * 3
+3 * 3
-10 * 2
+7 * 2
+3 * 2
+2 +1 3
+3 * 3
+4 * 3
+4 -43 3
+4 * 3
+3 * 3
+3 * 3
-10 * 78
+4 * 78
+3 * 78
+3 * 78
+6 +1 78
+4 * 78
+6 +44 76
+4 * 76
+6 * 76
0x7b38 -38 5
+3 * 5
fi=(63)
0x7bf2 85 1
+7 * 1
+7 * 1
+4 * 1
+3 * 1
fe=(58)
+8 464 1
+6 * 1
+2 * 1
+2 * 1
+6 * 1
+2 * 1
+2 +1 1
+6 +3 1
+7 * 1
+7 * 1
+3 * 1
+32 +11 1
+6 * 1
+4 * 1
fi=(21)
+4 56 1
cfi=(6)
cfn=(54)
calls=1 0x1cef0 +72 
* * 19
+6 * 1
fe=(58)
+3 481 1
+3 * 1
+6 +5 1
+6 +2 1
+6 * 1
+5 -2 1
+3 +1 1
+7 +3 1
+2 -4 1
+4 * 1
+7 +4 1
+6 +4 1
+4 * 1
+2 * 1
-6 * 4
+4 * 4
+2 * 4
+6 +6 5
+7 * 5
+2 -2 5
+3 * 5
+3 +2 5
+3 * 5
+4 * 5
+4 +5 5
+7 -15 5
+4 * 5
+3 * 5
+2 * 1
+6 +18 1
+7 * 1
+6 +52 1
+7 * 1
+3 * 1
0x7eab +37 1
+6 * 1
+2 * 1
+6 +1 1
+3 * 1
+7 * 1
+8 * 1
+2 * 1
0x7f39 +20 1
+4 -1 1
+2 * 1
+3 +1 1
+4 * 1
+4 * 1
+4 -1 1
+7 * 1
+5 * 1
+3 * 1
+2 * 1
+3 * 1
cfi=(11) /usr/src/debug/glibc-2.28-251.el8_10.25.x86_64/elf/dl-sort-maps.c
cfn=(226) _dl_sort_maps
calls=1 0x14f10 312 
* * 352
+5 +5 1
+8 +2 1
+7 +1 1
+8 +1 1
+3 * 1
+21 +7 1
+7 * 1
+3 * 1
+10 +3 1
+6 * 1
+2 * 1
+6 +3 1
+4 * 1
+1 * 1
+2 * 1
+2 * 1
+2 * 1
+2 * 1
+1 * 1
+42 214 5
+8 * 5
+6 * 5
+7 * 5
+6 * 4
+8 * 4
+3 * 4
fi=(63)
+6 -83 3
fe=(58)
+7 +86 3
fi=(63)
+3 -86 3
+5 * 3
cfi=(64) /usr/src/debug/glibc-2.28-251.el8_10.25.x86_64/malloc/scratch_buffer_set_array_size.c
cfn=(222) __libc_scratch_buffer_set_array_size
calls=3 0x24ef0 30 
* * 54
fe=(58)
+5 +86 3
+2 * 3
+6 +4 3
+7 * 3
+7 * 3
0x81a0 612 1
+3 * 1
cfi=(22)
cfn=(58)
calls=1 0x2770 190 
* * 19
+5 * 1
+56 160 1
+3 * 1
+6 * 1
0x84aa 380 4
+7 * 4

fn=(198) openaux
0x74d0 61 5
+4 * 5
+1 * 5
+3 +7 5
+3 -4 5
+3 * 5
+4 +1 5
+7 -1 5
+4 * 5
+4 +1 5
+3 -1 5
+2 * 5
+3 * 5
+5 * 5
+3 * 5
cfi=(28)
cfn=(156) _dl_map_object
calls=5 0xc710 1931 
* * 13631
+5 * 5
+4 +5 5
+1 * 5

fl=(12) /usr/src/debug/glibc-2.28-251.el8_10.25.x86_64/elf/../sysdeps/unix/sysv/linux/dl-sysdep.c
fn=(74) _dl_discover_osversion
0x1e770 46 1
+4 * 1
+2 * 1
+1 * 1
+1 * 1
+7 +2 1
+7 * 1
+3 * 1
0x1e83a +85 1
+7 * 1
+1 * 1
+1 * 1
+2 * 1
+11 -45 1
+5 * 1
+3 * 1
cfi=(26)
cfn=(76)
calls=1 0x1f10 -10 
* * 6
+5 +15 1
+7 -15 1
+2 * 1
+6 +20 1
+3 -1 1
+2 +3 1
+3 * 1
+3 * 1
+3 * 1
-9 * 2
+3 * 2
+3 * 2
+3 * 2
+2 +4 3
+4 -2 3
+4 * 3
+3 +2 3
+3 * 3
+4 * 3
+2 +2 1
+3 +1 1
+4 * 1
+4 -3 1
+3 * 1
+3 * 1
+4 * 1
+2 +7 3
+3 -1 3
+4 +4 3
+4 -2 3
+2 +2 3
+3 * 3
+2 * 2
+4 * 2
+14 +5 1
+4 * 1

fl=(51)
fn=(176)
0x24fa0 41 10
+4 +3 10
+7 * 10
+2 -3 10
+2 * 10
+3 * 10
+2 * 10
+3 * 10
+2 * 10
+3 * 10
+2 * 10
+3 * 10
+1 * 10
+3 * 10
+1 * 10
+3 +6 10
+3 * 10
+2 +5 10
+3 * 10
+3 * 10
+3 * 10
+3 * 10
+3 * 10
+3 * 10
+5 * 10
+2 * 10
+6 * 10
+2 +2 10
+1 * 10
+1 * 10
+2 * 10
+2 * 10
+2 * 10
+2 * 10
+31 -7 6
+3 * 6
+2 * 3
+7 * 3

fl=(59) /usr/src/debug/glibc-2.28-251.el8_10.25.x86_64/io/../sysdeps/unix/sysv/linux/wordsize-64/xstat.c
fn=(202) _xstat
0x24b90 33 20
+4 * 20
+3 +1 20
+3 * 20
+2 +1 20
+3 * 20
+3 * 20
+5 * 20
+2 * 20
+6 * 20
+2 +4 2
+7 -4 18
+2 * 18
+6 * 18
+5 * 18

fl=(32) /usr/src/debug/glibc-2.28-251.el8_10.25.x86_64/string/../sysdeps/x86_64/multiarch/../strchr.S
fn=(92) index
0x2d80 23 20
+4 +1 20
+4 +1 20
+2 +1 20
+5 +1 20
+4 +1 20
+5 +1 20
+4 +1 20
+5 +1 20
+6 +1 20
+4 +1 20
+4 +1 20
+4 +1 20
+4 +1 20
+4 +1 20
+4 +1 20
+4 +1 20
+2 +1 20
+2 +1 17
+3 +4 17
+5 +1 17
+4 +1 17
+3 +1 17
+4 +2 17
+6 +4 3
+5 +1 3
+4 +1 3
+4 +1 3
+4 +1 3
+4 +1 3
+4 +1 3
+5 +1 3
+4 +1 3
+4 +1 3
+4 +1 3
+4 +1 3
+4 +1 3
+4 +1 3
+5 +1 3
+4 +1 3
+4 +1 3
+4 +1 3
+3 +1 3
+4 +1 3
+4 +1 3
+4 +1 3
+3 +1 3
+3 +1 3
0x2ef0 +52 3
+4 +4 3
+5 +1 3
+4 +1 3
+3 +1 3
+4 +2 3

fl=(17)
fn=(40)
0x4400 41 23
+4 +44 23
+4 +1 23
+4 +1 23
+4 +1 23
+4 +1 23
+3 +1 23
+3 +1 23
+7 +2 23
+7 +2 23
+2 +31 23
+4 +1 23
+4 +1 23
+4 +1 23
+2 +1 23
+2 +1 13
+3 +2 13
+1 +4 10
+4 +1 10
+5 +1 10
+5 +1 10
+5 +1 10
+4 +1 10
+5 +1 10
+4 +1 10
+4 +1 10
+4 +1 10
+3 +1 10
+4 +1 10
+3 +5 10
+3 * 10
+3 * 10
+4 * 10
+3 * 10
+3 * 10
+2 * 10
+4 * 10

fl=(79)
fn=(512)
0x1c00 67 12
+4 +5 12
+1 +3 12
+3 +2 12
+4 +10 12
+7 +6 12
+4 +1 12
+5 +1 12
+5 +1 12
+5 +1 12
+5 +1 12
+5 +1 12
+5 +4 12
+5 +1 12
+2 +3 12
+8 +1 12
+8 +2 12
+8 +1 12
+8 +1 12
+8 +1 12
+8 +1 12
+8 +1 12
+8 +2 12
+5 +7 12
+4 +1 12
+4 +1 12
cfi=(80) /usr/src/debug/glibc-2.28-251.el8_10.25.x86_64/elf/dl-runtime.c
cfn=(514) _dl_fixup
calls=12 0x14760 -81 
* * 7851
+5 +1 12
+3 +5 12
+5 +1 12
+2 +1 12
+5 +2 12
+5 +1 12
+5 +1 12
+5 +1 12
+5 +1 12
+5 +1 12
+5 +1 12
+4 +2 12
+3 +2 12
+4 +4 12
+4 +3 12

fl=(43)
fn=(146)
0x1c1c0 225 1
+4 * 1
+2 * 1
+3 * 1
+1 * 1
+3 +2 1
+3 -2 1
+1 * 1
+3 +2 1
+3 -2 1
+4 +2 1
+3 * 1
cob=(2)
cfi=(42)
cfn=(148)
calls=1 0x4001040 0 
* * 2736
+5 +1 1
+4 * 1
+4 +1 1
+5 +1 1
+5 -1 1
+4 +1 1
+3 +2 1
+4 * 1
+1 * 1
+1 * 1
+2 * 1

fn=(230) _dl_receive_error
0x1c210 238 1
+4 * 1
+1 * 1
+1 * 1
+4 +1 1
+7 +1 1
+7 +3 1
+11 +1 1
+7 +2 1
+3 * 1
cfi=(2)
cfn=(232) version_check_doit
calls=1 0x1f880 683 
* * 5104
+2 +2 1
+7 +1 1
+7 +1 1
+4 * 1
+1 * 1
+1 * 1

fn=(150)
0x1c0d0 175 6
+4 * 6
+1 * 6
+7 * 6
+7 * 6
+4 * 6
+5 * 6
+5 * 6
+5 +3 6
+3 * 6
+2 +21 6
+4 +4 6
+5 +3 6
+2 -3 6
+7 +3 6
+5 -7 6
+5 +1 6
+5 * 6
+5 +6 6
cfi=(44) /usr/src/debug/glibc-2.28-251.el8_10.25.x86_64/setjmp/../sysdeps/x86_64/setjmp.S
cfn=(152) __sigsetjmp
calls=6 0x1f50 30 
* * 144
+5 * 6
+4 * 6
+2 * 6
+2 * 6
+2 +2 6
+5 * 6
+5 * 6
cfi=(58)
cfn=(198)
calls=5 0x74d0 61 
* * 13721
cfi=(2)
cfn=(154) map_doit
calls=1 0x1f050 650 
* * 2674
+2 +2 6
+4 -1 6
+5 +1 6
+4 -1 6
+7 +1 6
+8 * 6
+3 +9 6
+7 * 6
+2 * 6
+1 * 6

fl=(18) /usr/src/debug/glibc-2.28-251.el8_10.25.x86_64/elf/../misc/sbrk.c
fn=(42) sbrk
0x24000 32 1
+4 * 1
+1 * 1
+3 * 1
+1 * 1
+4 +8 1
+7 * 1
+3 * 1
+2 * 1
+6 * 1
+2 * 1
+2 +4 1
+3 * 1
+34 +16 1
+4 * 1
+3 * 1
+1 * 1
+1 * 1

fl=(29) /usr/src/debug/glibc-2.28-251.el8_10.25.x86_64/elf/dl-hwcaps.c
fn=(106) copy_hwcaps.isra.1
0x1c2d0 72 2
+2 +8 2
+10 -8 2
+2 * 2
+1 * 2
+3 * 2
+1 * 2
+3 * 2
fi=(33) /usr/src/debug/glibc-2.28-251.el8_10.25.x86_64/elf/./dl-hwcaps.h
+4 -18 2
+4 +2 2
+3 * 2
+9 +32 2
+4 +1 2
+5 * 2
fe=(29)
+5 -10 2
+4 * 2
+3 +1 2
+5 * 2
+4 -1 2
+3 +1 2
+4 * 2
+4 * 2
+7 * 2
+4 * 2
cfi=(22)
cfn=(108) mempcpy
calls=2 0x2760 +97 
* * 26
+5 +4 2
+3 +2 2
+5 +2 2
+4 -3 2
+3 +1 2
+4 * 2
+4 +1 2
+4 * 2
+3 +1 2
+4 -11 2
+3 * 2
cfi=(31) /usr/src/debug/glibc-2.28-251.el8_10.25.x86_64/elf/dl-hwcaps_split.c
cfn=(88) _dl_hwcaps_split_masked
calls=2 0x1ce50 -26 
* * 133
-3 * 2
+3 * 2
cfi=(31)
cfn=(88)
calls=2 0x1ce50 -26 
* * 157
+5 * 4
+2 * 4
+2 +13 2
+4 * 2
+1 * 2
+1 * 2
+2 * 2
+2 * 2

fn=(82) _dl_important_hwcaps
0x1c370 172 1
+4 * 1
+1 * 1
+3 * 1
+2 * 1
+2 +1 1
+4 -1 1
+3 * 1
+2 * 1
+3 * 1
+2 * 1
+1 +14 1
+4 -14 1
+7 * 1
+7 +1 1
+5 -1 1
+7 +1 1
+3 -1 1
+7 +1 1
+2 -1 1
+7 +1 1
+7 * 1
cfi=(9)
cfn=(22)
calls=1 0x181d0 412 
* * 19
+5 * 1
+4 +3 1
+2 -1 1
+7 +1 1
+8 -1 1
+7 +1 1
+3 * 1
+7 +8 1
cfi=(30)
cfn=(84)
calls=1 0x1cc60 27 
* * 37
+5 +1 1
+4 +1 1
+3 * 1
+2 -2 1
+3 +2 1
+5 * 1
+3 -1 1
+4 -1 1
+6 +1 1
+8 +1 1
cfn=(86) update_hwcaps_counts
calls=1 0x1c270 49 
* * 27
+5 +1 1
+3 * 1
+3 * 1
+3 * 1
+7 * 1
cfn=(86)
calls=1 0x1c270 49 
* * 319
+5 +2 1
+4 -89 1
+3 * 1
fi=(21)
+4 -44 1
cfi=(6)
cfn=(54)
calls=1 0x1cef0 +72 
* * 19
fe=(29)
+6 +44 1
+7 +2 1
+3 * 1
fi=(33)
+6 -48 1
fe=(29)
+7 +51 1
+6 +3 1
fi=(33)
+3 -52 1
+8 * 1
+7 -2 1
+4 +2 1
fe=(29)
+48 +56 1
+3 * 1
cfi=(31)
cfn=(98) _dl_hwcaps_split
calls=1 0x1cd80 -87 
* * 6
+5 * 1
+2 * 1
fi=(33)
+2 -58 1
+7 +2 1
+8 * 1
+7 -2 1
+4 +34 1
+6 * 1
+3 +1 1
+7 * 1
+4 * 1
fe=(29)
+7 +38 2
+4 * 2
+3 * 2
+4 * 2
+7 * 2
+3 +1 2
+4 * 2
+3 +1 2
+4 +1 2
+4 -1 2
+3 -4 2
+3 * 2
cfi=(31)
cfn=(88)
calls=2 0x1ce50 -74 
* * 133
-3 * 1
+3 * 1
cfi=(31)
cfn=(88)
calls=1 0x1ce50 -74 
* * 148
+5 * 3
+2 * 3
+2 +8 1
+3 * 1
+6 +9 1
+6 * 1
+7 * 1
+4 * 1
+6 * 1
+7 * 1
+8 * 1
+4 * 1
+4 * 1
+6 * 1
+4 * 1
+4 +9 1
+4 * 1
+4 +4 1
+4 * 1
+3 * 1
+3 * 1
+3 * 1
+4 * 1
+3 * 1
cfi=(34) /usr/src/debug/glibc-2.28-251.el8_10.25.x86_64/string/../sysdeps/x86_64/memcmp.S
cfn=(100) bcmp
calls=1 0x2360 23 
* * 41
+5 +1 1
+2 * 1
+2 +1 1
+3 * 1
+2 * 1
+2 * 1
+2 +5 1
+4 -1 1
+3 +2 1
+3 * 1
+4 * 1
+4 -1 1
+3 +1 1
+3 -20 1
+4 * 1
+2 -1 1
+5 * 1
+4 * 1
+5 * 1
+7 * 1
+2 +54 1
+4 * 1
+4 +4 1
+2 -5 1
+5 +1 1
+8 * 1
+4 * 1
+3 +4 1
+8 -4 1
+4 * 1
+7 +4 1
+5 * 1
+6 * 1
+7 * 1
+7 * 1
+3 +1 1
+4 * 1
+4 * 1
-8 * 1
+4 * 1
+4 * 1
+2 +1 1
+4 * 1
+3 -1 1
+3 -1 1
+4 * 1
+3 * 1
+3 * 1
+3 * 1
+3 * 1
-16 * 1
+4 * 1
+3 * 1
+3 * 1
+3 * 1
+3 * 1
+2 +8 1
+3 * 1
+3 * 1
+7 * 1
+4 * 1
+3 * 1
+7 * 1
+3 * 1
+3 * 1
+3 * 1
+23 * 1
+5 * 1
+6 * 1
+3 +1 1
+3 * 1
+7 -1 1
+4 +2 1
+7 * 1
+7 * 1
+7 * 1
+6 +1 1
+4 * 1
-4 * 1
+4 * 1
fi=(35) /usr/src/debug/glibc-2.28-251.el8_10.25.x86_64/elf/../sysdeps/x86/dl-hwcap.h
+2 57 1
+3 * 1
+4 * 1
+8 * 1
fe=(29)
+3 216 1
+4 * 1
fi=(35)
+4 57 1
+3 * 1
fe=(29)
+4 213 1
+3 +1 1
cfi=(17)
cfn=(40)
calls=1 0x4400 41 
* * 17
+5 +1 1
+3 -5 1
+4 +4 1
+4 +1 1
+5 * 1
+3 * 1
+3 * 1
+3 -5 1
+3 * 1
+11 * 1
+4 * 1
+6 * 1
+7 * 1
+7 +8 1
+7 * 1
+3 * 1
+2 +2 1
+3 +2 1
+4 * 1
+4 * 1
+3 -2 1
+3 +1 1
+7 * 1
+4 +4 1
+3 * 1
+7 * 1
+4 * 1
+3 * 1
+3 +1 1
+8 +3 1
+7 * 1
+6 +4 1
+4 * 1
+6 * 1
+4 +1 1
+4 -1 1
+4 * 1
+6 +4 1
+4 * 1
+3 * 1
+4 +1 1
+4 * 1
+2 +2 1
+3 +1 1
+4 -1 1
+2 * 1
+3 +2 1
+3 * 1
+4 * 1
+4 * 1
+5 * 1
+5 -1 1
+3 * 1
+2 +2 1
+4 * 1
+58 +4 1
+6 +3 1
+4 * 1
+3 +4 1
+6 * 1
+3 * 1
+7 +7 1
+7 -7 1
+3 * 1
+2 * 1
+3 * 1
+6 * 1
+4 * 1
+7 * 1
+3 * 1
+3 +7 1
+4 * 1
fi=(21)
+4 56 1
cfi=(6)
cfn=(54)
calls=1 0x1cef0 +72 
* * 19
+6 * 1
+3 * 1
fe=(29)
+7 262 1
+3 * 1
+2 +7 1
+4 +1 1
+3 +1 1
+3 * 1
+5 * 1
+7 -1 1
+4 * 1
+3 * 1
+4 +1 1
+7 * 1
+4 * 1
+3 * 1
+3 * 1
cfn=(106)
calls=1 0x1c2d0 72 
* * 33
+5 +1 1
+7 * 1
+7 * 1
+3 * 1
+6 * 1
+7 * 1
cfn=(106)
calls=1 0x1c2d0 72 
* * 377
+5 +3 1
+4 +1 1
+4 +9 1
+3 -2 1
+4 * 1
+6 +24 1
+4 * 1
+4 +3 1
+2 * 1
+6 * 1
+5 * 1
+3 * 1
+3 * 1
+3 * 1
+7 * 1
+7 * 1
+7 * 1
+4 * 1
+3 * 1
+4 * 1
+4 * 1
+4 * 1
+6 +7 1
+3 * 1
+7 +10 1
+7 * 1
+6 * 1
+4 * 1
+7 * 1
+7 * 1
+3 * 1
+7 * 1
+3 * 1
+4 * 1
+7 * 1
+4 -4 1
+4 * 1
+7 -3 1
+4 +3 1
cfi=(22)
cfn=(108)
calls=1 0x2760 177 
* * 17
-15 * 1
+4 * 1
+7 -3 1
+4 +3 1
cfi=(22)
cfn=(108)
calls=1 0x2760 177 
* * 17
+5 +3 2
+7 -3 2
+3 * 2
+4 +3 2
+6 * 1
+4 * 1
+2 +1 2
+3 * 2
+3 * 2
+2 * 2
+3 * 2
+3 * 2
+2 +1 1
+3 * 1
+4 * 1
+5 * 1
+5 * 1
cfi=(22)
cfn=(108)
calls=1 0x2760 177 
* * 15
+5 * 1
+3 * 1
+4 -2 1
+4 * 1
+2 +5 2
+4 * 2
+3 * 2
cfi=(22)
cfn=(108)
calls=2 0x2760 177 
* * 30
+5 * 2
+3 * 2
+4 +2 2
+3 * 2
+2 * 1
+7 * 1
+7 -7 1
+7 * 1
+2 * 1
+8 +13 1
+3 -1 1
+4 +1 1
+4 * 1
+9 -1 1
+3 * 1
-23 +1 7
+3 -1 7
+4 +1 7
+4 * 7
+9 -1 7
+3 * 7
+2 * 1
+3 +5 1
+7 * 1
+5 * 1
+3 * 1
+4 * 1
+3 * 1
+6 * 1
+4 * 1
+2 * 1
+2 * 1
+3 +3 1
+3 * 1
-14 -3 2
+4 * 2
+2 * 2
+2 * 2
+3 +3 2
+3 * 2
+2 * 3
+3 * 3
+3 +1 3
+4 * 3
+4 * 3
+3 * 3
-11 * 9
+4 * 9
+4 * 9
+3 * 9
+2 +1 12
+4 * 12
+4 -1 12
+4 * 12
+4 +1 12
+5 * 12
+4 -1 12
+3 * 12
+2 -1 12
+3 * 12
+2 +4 3
+4 * 3
+3 * 3
+2 +3 1
+7 +2 1
+7 * 1
+5 -1 1
+4 -1 1
+4 +2 1
+3 -2 1
+3 +2 1
+3 * 1
+2 -1 1
+3 +1 1
+3 * 1
+5 +3 1
+4 * 1
+4 +3 1
+4 * 1
+4 -6 1
+3 * 1
+2 +2 2
+4 * 2
+4 * 2
+2 +3 1
+4 +1 1
+4 * 1
+4 -6 1
+3 * 1
+2 * 1
+3 * 1
+4 * 1
+3 +13 1
+6 * 1
+4 * 1
+2 * 1
+4 * 1
+3 * 1
+4 * 1
+7 * 1
+4 +1 1
+4 -1 1
+3 * 1
+4 +3 1
+4 * 1
-19 -3 3
+4 +1 3
+4 -1 3
+3 * 3
+4 +3 3
+4 * 3
+2 +3 1
+4 * 1
+4 +1 1
+7 * 1
+3 * 1
+4 * 1
+3 +5 1
+7 * 1
+4 * 1
+1 * 1
+2 * 1
+2 * 1
+2 * 1
+2 * 1
+1 * 1
+1 208 1
+3 * 1
+6 * 1

fn=(86)
0x1c270 49 2
+1 * 2
+1 * 2
+3 * 2
fi=(33)
+4 +5 2
+4 +2 2
+3 * 2
+9 +32 2
+4 +1 2
+5 * 2
fe=(29)
+6 -34 2
+5 -1 2
+4 +1 2
+4 +1 2
+4 * 2
+2 -4 4
+3 * 4
cfi=(31)
cfn=(88)
calls=4 0x1ce50 -1 
* * 290
+5 * 4
+2 * 4
+2 +7 2
+4 * 2
+1 * 2
+1 * 2
+3 -2 1
+4 * 1

fl=(28)
fn=(170) _dl_map_object_from_fd
0xa700 877 3
+1 * 3
+3 * 3
+2 * 3
+2 * 3
+3 * 3
+2 * 3
+2 * 3
+3 * 3
+1 * 3
+2 * 3
+7 * 3
+7 +10 3
+4 -10 3
+7 +10 3
+2 -10 3
+6 * 3
+7 +10 3
cfi=(38) /usr/src/debug/glibc-2.28-251.el8_10.25.x86_64/elf/dl-debug.c
cfn=(128) _dl_debug_initialize
calls=3 0x73a0 46 
* * 27
fi=(49) /usr/src/debug/glibc-2.28-251.el8_10.25.x86_64/elf/../sysdeps/posix/dl-fileid.h
+5 35 3
+7 * 3
+2 * 3
fe=(28)
+5 887 3
fi=(49)
+7 35 3
cfi=(50) /usr/src/debug/glibc-2.28-251.el8_10.25.x86_64/io/../sysdeps/unix/sysv/linux/wordsize-64/fxstat.c
cfn=(174) _fxstat
calls=3 0x24be0 -2 
* * 33
+5 * 3
+2 * 3
+6 +4 3
fe=(28)
+7 904 3
fi=(49)
+4 38 3
+7 +1 3
fe=(28)
+7 904 3
+4 * 3
+4 * 3
+4 * 3
+7 * 3
+4 * 3
+7 * 3
+3 * 3
+10 * 9
+4 * 9
+3 * 9
+2 +1 9
+7 * 9
fi=(49)
+2 47 9
+7 * 9
+2 * 3
+7 * 3
fe=(28)
+42 1428 3
+4 * 3
+3 * 3
+1 * 3
+2 * 3
+2 * 3
+2 * 3
+2 * 3
+1 * 3
+11 922 3
+5 * 3
+6 +28 3
+3 * 3
+3 * 3
+6 * 3
+6 +10 3
+7 * 3
+6 +22 3
+4 * 3
+4 * 3
+3 * 3
+3 * 3
+7 * 3
+7 * 3
cfi=(20) /usr/src/debug/glibc-2.28-251.el8_10.25.x86_64/elf/dl-object.c
cfn=(48) _dl_new_object
calls=3 0x10190 59 
* * 1057
+5 * 3
+3 +1 3
+3 * 3
+6 +11 3
+4 +5 3
+4 -5 3
+7 +1 3
+5 +5 3
+5 -5 3
+7 +1 3
+5 +2 3
+8 -2 3
+7 +2 3
+3 * 3
+4 +1 3
+4 * 3
+3 * 3
+6 +20 3
+7 * 3
+3 -2 3
+7 +2 3
+4 * 3
+4 * 3
+3 * 3
+7 * 3
+3 * 3
+3 * 3
+3 * 3
+23 * 3
+5 * 3
+2 * 3
+3 * 3
+6 * 3
+5 * 3
+4 * 3
+7 * 3
+4 * 3
+7 +8 3
+8 * 3
+3 * 3
+5 * 3
+3 * 3
+6 1127 3
+3 1020 3
+3 1127 3
+7 1027 3
+3 -6 3
+7 1127 3
+3 1015 3
+11 1127 3
+5 * 3
+6 * 3
+10 -99 16
+3 * 16
+6 * 13
+3 * 13
+6 * 7
+3 * 7
+6 -1 30
+7 * 30
+4 * 30
+8 * 30
+3 * 30
+5 * 30
+3 * 30
+6 +1 30
+4 * 30
+3 * 30
+6 * 29
+2 * 13
+5 * 13
+6 * 10
+5 * 10
+6 * 7
+3 * 7
+2 +74 1
+5 * 1
+3 * 1
+2 +4 1
+7 +1 1
+5 * 1
+7 +1 1
+5 * 1
+3 * 1
+2 +3 1
+4 * 1
+3 * 1
+7 +1 1
+5 +3 1
+7 -3 1
+7 +8 1
+7 * 1
+3 * 1
+2 * 1
0xaaa0 +19 3
+5 * 3
+7 +1 3
+5 * 3
+7 +1 3
+8 -6 3
+5 * 3
+7 +1 3
+12 -91 1
+5 * 1
+7 +1 1
+12 +5 6
+7 * 6
+5 * 6
+4 * 6
+3 * 6
+6 +5 6
+5 * 6
+5 * 6
+4 * 6
+3 * 6
+3 * 6
+3 * 6
+6 +7 6
+5 * 6
+4 * 6
+7 * 6
+6 +13 6
+3 -1 6
+3 * 6
+4 * 6
+3 +1 6
+3 -1 6
+3 * 6
+4 +3 6
+5 * 6
+7 -2 6
+3 -2 6
+4 +5 6
+3 -4 6
+3 +1 6
+4 +1 6
+4 +1 6
+4 +1 6
+4 +4 6
+4 * 6
+2 +1 3
+7 * 3
+3 * 3
+4 * 3
+5 * 3
+3 * 3
+7 +5 3
+5 * 3
+5 -1 3
+4 +1 3
+7 -1 3
+4 -14 3
+3 +15 3
+3 * 3
+3 * 3
+2 * 3
+3 * 3
+4 +10 3
-43 -10 3
+5 * 3
+5 -1 3
+4 +1 3
+7 -1 3
+4 -14 3
+3 +15 3
+3 * 3
+3 * 3
+2 * 3
+3 * 3
+4 +10 3
+6 +45 6
+6 * 6
+3 * 6
+3 * 6
+3 * 6
cfi=(23) /usr/src/debug/glibc-2.28-251.el8_10.25.x86_64/elf/../sysdeps/x86/dl-prop.h
cfn=(178) _dl_process_pt_note
calls=6 0x9550 153 
* * 459
+5 * 6
+2 * 6
+26 1034 3
+6 * 3
+6 +5 3
+5 * 3
+4 +1 3
+5 * 3
+4 * 3
+7 * 3
+11 * 3
+3 * 3
+7 1152 3
+3 * 3
+6 995 3
+7 * 3
+6 1165 3
+3 * 3
+6 +10 3
+7 * 3
+5 * 3
fi=(52) /usr/src/debug/glibc-2.28-251.el8_10.25.x86_64/elf/./dl-map-segments.h
+7 56 3
fe=(28)
+5 1175 3
fi=(52)
+4 56 3
fe=(28)
+7 1175 3
+7 * 3
+8 * 3
fi=(52)
+5 56 3
fe=(28)
+7 1175 3
+3 * 3
+3 * 3
fi=(52)
+7 56 3
+3 -6 3
+7 +6 3
+8 * 3
+6 -6 3
+3 +6 3
cfi=(51)
cfn=(176)
calls=3 0x24fa0 -15 
* * 114
+5 +4 3
+7 * 3
+4 -4 3
+7 +4 3
+6 +3 3
+7 * 3
+4 +1 3
+3 +2 3
+7 -3 3
+7 +1 3
+3 +2 3
+2 +7 3
+7 * 3
+4 * 3
+7 * 3
+4 * 3
+8 * 3
+7 * 3
+5 * 3
+2 * 3
+3 * 3
+3 * 3
cfi=(53)
cfn=(182)
calls=3 0x1ee0 +5 
* * 18
+5 * 3
+7 * 3
+2 * 3
+6 +7 3
+7 * 3
fi=(54) /usr/src/debug/glibc-2.28-251.el8_10.25.x86_64/elf/./dl-load.h
+7 +10 3
+7 * 3
-7 * 3
+7 * 3
+2 +1 3
+5 * 3
+3 * 3
+7 +2 3
+8 * 3
-8 * 3
+8 * 3
fi=(52)
+6 +11 6
+5 * 6
+5 * 6
+3 * 6
+2 +6 3
+3 +2 3
+7 -2 3
+4 +1 3
+3 +2 3
+3 * 3
+3 -1 3
+5 * 3
+3 +3 3
+3 * 3
+4 +5 3
+3 * 3
+2 +3 3
+7 * 3
+6 +8 3
+3 * 3
+2 * 3
+3 * 3
+7 * 3
+3 * 3
+7 * 3
+7 * 3
cfi=(55)
cfn=(186)
calls=3 0x29a0 +38 
* * 273
+5 +1 3
+7 * 3
+7 * 3
+7 +5 3
+3 * 3
+6 +12 6
+4 -59 6
+4 * 6
+4 * 6
+7 * 6
+3 * 6
+6 +2 3
+5 * 3
+5 * 3
+4 * 3
+6 * 3
+3 * 3
+6 +2 3
+3 * 3
+5 * 3
+3 * 3
+5 * 3
+7 * 3
+6 * 3
+3 * 3
+7 * 3
cfi=(51)
cfn=(176)
calls=3 0x24fa0 -53 
* * 102
+5 * 3
+7 * 3
+4 * 3
fe=(28)
0xb001 1187 3
+4 * 3
+7 * 3
+3 * 3
+6 +9 3
+3 * 3
+3 * 3
fi=(3) /usr/src/debug/glibc-2.28-251.el8_10.25.x86_64/elf/get-dynamic-info.h
+4 42 3
+6 +6 3
+3 -2 3
+4 +2 3
+3 * 3
+6 +15 3
+5 +5 3
+6 +2 3
+10 -3 3
+6 -3 3
+6 * 3
+2 * 16
+3 * 16
+3 * 16
+3 * 16
+4 +10 16
+4 -26 16
+3 * 16
+3 * 16
-14 +16 57
+4 +10 57
+4 -26 57
+3 * 57
+3 * 57
-10 +26 3
+4 -26 3
+3 * 3
+3 * 3
+6 +2 76
+4 * 76
+2 +13 19
+3 * 19
+3 * 19
+4 * 19
+2 +2 3
+3 * 3
+2 * 3
+3 * 3
fi=(52)
+42 +76 1
+3 * 1
+6 * 1
+3 * 1
+3 * 1
+3 * 1
+6 * 1
+5 * 1
+7 * 1
cfi=(51)
cfn=(176)
calls=1 0x24fa0 41 
* * 34
+5 +3 1
+7 * 1
+4 * 1
fe=(28)
+37 1203 3
+2 * 3
+13 +1 3
+5 * 3
+6 +20 3
+7 * 3
+3 * 3
+6 +19 3
+3 * 3
+7 +2 3
+6 * 3
+2 * 3
+7 * 3
+2 * 3
+6 +48 3
+7 * 3
+3 * 3
+2 +1 1
+3 * 1
+7 +3 1
+6 * 1
cfi=(56) /usr/src/debug/glibc-2.28-251.el8_10.25.x86_64/io/../sysdeps/unix/sysv/linux/close_nocancel.c
cfn=(190) __GI___close_nocancel
calls=1 0x24cd0 25 
* * 6
-6 * 2
+6 * 2
cfi=(56)
cfn=(190)
calls=2 0x24cd0 25 
* * 12
+5 * 3
+2 * 3
+6 +9 3
+7 * 3
+6 +2 3
+7 * 3
+3 * 3
+3 * 3
+7 +2 3
+7 * 3
+6 +16 3
+3 * 3
cfi=(7)
cfn=(12)
calls=3 0xef10 972 
* * 72
+5 +4 3
+4 * 3
+2 +1 3
+8 * 3
+6 +17 3
+7 * 3
+2 +1 1
+7 +3 1
+7 +5 1
+8 -5 1
+7 * 1
+7 +5 1
-29 -5 2
+7 +5 2
+8 -5 2
+7 * 2
+7 +5 2
+6 +10 3
+8 * 3
+6 +7 3
+4 * 3
+4 * 3
+7 * 3
+4 * 3
+4 * 3
+4 * 3
+5 * 3
+6 +10 3
+8 * 3
+2 +1 1
+7 * 1
+3 * 1
+2 * 1
+6 +5 1
+3 * 1
cfi=(39) /usr/src/debug/glibc-2.28-251.el8_10.25.x86_64/elf/../elf/dl-tls.c
cfn=(218) _dl_assign_tls_modid
calls=1 0x15870 152 
* * 10
+5 +7 3
+4 * 3
+3 * 3
cfi=(20)
cfn=(60) _dl_add_to_namespace_list
calls=3 0x100f0 31 
* * 138
+5 +3 3
+7 * 3
+3 * 3
+2 * 3
+40 +23 3
+4 * 3
+7 * 3
+4 * 3
+4 * 3
+4 * 3
+7 * 3
+6 +1 3
+4 * 3
+3 * 3
cfi=(40)
cfn=(192) _dl_audit_objopen
calls=3 0x19930 77 
* * 15
+5 * 3
fi=(3)
+49 81 3
+3 * 3
+2 +20 3
+4 * 3
+3 * 3
+2 * 2
+4 +1 2
+4 * 2
+3 * 2
-7 * 1
+4 * 1
+3 * 1
+2 * 3
+4 +1 3
+4 * 3
+3 * 3
+2 * 3
+4 +1 3
+4 * 3
+3 * 3
+2 * 3
+4 +2 3
+4 * 3
+3 * 3
+2 * 3
+4 +5 3
+7 * 3
+3 * 3
+2 * 3
+4 +1 3
+7 * 3
+3 * 3
+2 * 2
+4 +1 2
+7 * 2
+3 * 2
-10 * 1
+7 * 1
+3 * 1
+2 * 3
+4 +5 3
+7 * 3
+3 * 3
+2 +5 3
+5 * 3
+6 +7 3
+5 * 3
+2 +1 3
+7 * 3
+5 * 3
+6 +18 3
+7 * 3
+3 * 3
+2 +5 2
+4 * 2
+6 +2 2
+3 * 2
+9 +2 2
+3 * 2
+9 +2 2
+3 * 2
+2 +1 2
+7 +2 2
+7 * 2
+3 * 2
-10 * 1
+7 * 1
+3 * 1
+6 +2 3
+4 * 3
+2 * 3
+6 +1 3
+2 * 3
+9 +9 3
+7 * 3
+6 * 3
+6 +5 3
+3 * 3
+2 +1 2
+7 * 2
+7 +2 2
+8 * 2
-8 * 1
+8 * 1
+22 68 3
+3 * 3
+3 * 3
+4 * 3
fi=(54)
+22 +26 2
+5 * 2
+4 * 2
+3 * 2
+6 +2 2
+5 -1 2
+5 * 2
+4 +1 2
+8 -1 2
+3 +1 2
+3 -1 2
+3 +1 2
+4 -1 2
+3 * 2
+6 +3 2
+3 * 2
+3 * 2
+7 * 2
fe=(28)
+5 1419 3
+3 * 3
fi=(3)
+38 71 3
+5 * 3
+3 * 3
+4 * 3
+6 +2 3
+10 -1 3
+3 +1 3
+4 * 3
+4 * 3
fe=(28)
0xb62b 1375 3
+7 * 3
+3 * 3
+6 +1 2
+4 +1 2
+4 -1 2
+7 +1 2
+4 -1 2
+5 * 2
* * 13
+2 * 2
+3 * 2
+3 * 2
+2 * 2
+6 +2 1
+4 * 1

fn=(160) open_verify.constprop.9
0x9980 1481 25
+1 * 25
+3 * 25
+2 * 25
+3 * 25
+2 * 25
+2 * 25
+3 * 25
+2 * 25
+3 * 25
+1 * 25
+4 +39 25
+6 -39 25
+4 +39 25
+2 * 25
+6 +19 25
+5 * 25
+3 * 25
+2 * 25
cfi=(46)
cfn=(162)
calls=25 0x24da0 34 
* * 491
+5 * 25
+3 +2 25
+3 * 25
+6 +11 3
+10 +1 3
+5 +5 3
+5 -5 3
+8 +1 3
+4 -1 3
+2 +5 3
+4 * 3
+3 * 3
+3 * 3
+4 * 3
+3 * 3
cfi=(47) /usr/src/debug/glibc-2.28-251.el8_10.25.x86_64/io/../sysdeps/unix/sysv/linux/read_nocancel.c
cfn=(164) __read_nocancel
calls=3 0x24e90 25 
* * 18
+5 +2 3
+3 * 3
+6 +2 3
+4 * 3
+4 +2 3
+4 * 3
+2 +6 3
+4 * 3
+6 +16 3
+5 * 3
+7 * 3
+6 * 3
+6 * 3
+2 * 3
+6 * 3
+6 * 3
+5 * 3
fi=(21)
+72 50 3
+3 * 3
cfi=(6)
cfn=(126)
calls=3 0x1d020 188 
* * 15
+6 * 3
fe=(28)
+36 1525 22
+6 1765 22
+4 * 22
+3 * 22
+1 * 22
+2 * 22
+2 * 22
+2 * 22
+2 * 22
+1 * 22
-17 * 3
+4 * 3
+3 * 3
+1 * 3
+2 * 3
+2 * 3
+2 * 3
+2 * 3
+1 * 3
+9 1586 3
+7 * 3
+6 * 3
+6 * 3
+7 * 3
+5 * 3
+6 * 3
+2 +59 3
+6 * 3
+6 +5 3
+7 * 3
+6 +2 3
+6 * 3
+3 * 3
+4 * 3
+6 +6 3
+7 * 3
+6 +6 3
+6 +1 3
+5 -1 3
+8 * 3
+3 * 3
+4 +1 3
+4 -1 3
+3 +1 3
+3 * 3
+6 +1 3
+4 * 3
+4 +21 3
+3 * 3
+3 * 3
+6 1546 3
+3 * 3
+4 1687 3
+3 1546 3
+3 * 3
+3 * 3
+3 * 3
+7 1687 17
+8 * 17
+4 * 17
+3 * 17
+4 * 17
+3 * 17
+6 +1 19
+3 * 19
+2 * 4
+4 * 4
+4 * 4
+2 * 4
+4 * 4
+4 * 4
+2 +13 4
+4 * 4
+6 * 4
+2 +3 4
+4 * 4
+4 * 4
+3 * 4
+6 +6 1
+7 * 1
+6 +1 1
+4 * 1
+3 * 1
+3 * 1
+6 * 1
+3 * 1
+4 * 1
+3 * 1
+3 * 1
+23 * 1
+6 * 1
+2 * 1
+3 * 1
+6 * 1
+5 * 1
+4 * 1
+3 +10 1
+2 * 1
+3 * 1
+4 * 1
+4 * 1
+4 * 1
cfi=(48)
cfn=(166)
calls=1 0x24c70 28 
* * 6
+5 +1 1
+4 * 1
+3 * 1
+3 * 1
+3 * 1
cfi=(47)
cfn=(164)
calls=1 0x24e90 25 
* * 6
+5 * 1
+4 * 1
+4 * 1
+4 * 1
+3 * 1
+6 +10 4
+3 * 4
+4 * 4
+7 * 4
+4 * 4
+3 * 4
+6 -3 4
+3 * 4
+4 * 4
+3 * 4
+7 * 4
+3 * 4
-20 * 2
+3 * 2
+4 * 2
+3 * 2
+7 * 2
+3 * 2
+6 +15 2
+3 * 2
+6 +6 2
+4 * 2
+3 * 2
+2 * 2
+6 -3 2
+5 +1 2
+5 +3 2
+6 -3 2
+3 * 2
+2 +1 2
+5 -1 2
+3 -1 2
+2 +4 2
+2 * 2
0x9d90 1586 2
+7 * 2
+3 * 2
0x9e00 1732 4
+3 * 4
+4 * 4
+3 * 4
+3 * 4
+3 * 4
+3 +3 4
+4 -4 4
+3 +4 4
+3 * 4
+6 +5 2
+3 +1 2
+3 * 2
+7 * 1
+3 * 1
0x9f10 -36 3
+4 * 3
+4 * 3
+8 * 2
+5 * 2

fn=(80) _dl_init_paths
0xc310 688 1
+4 * 1
+1 * 1
+3 * 1
+2 * 1
+2 * 1
+2 * 1
+3 * 1
+3 +14 1
+7 -14 1
+1 * 1
+3 * 1
+3 +14 1
+7 * 1
cfi=(29)
cfn=(82)
calls=1 0x1c370 172 
* * 2016
fi=(21)
+5 56 1
fe=(28)
+5 702 1
fi=(21)
+7 56 1
cfi=(6)
cfn=(54)
calls=1 0x1cef0 +72 
* * 19
fe=(28)
+6 707 1
+7 +2 1
+3 * 1
+6 +7 1
+10 * 1
+3 +1 1
+7 * 1
+8 -1 1
+3 * 1
+3 * 1
+4 +5 1
+4 * 1
+3 * 1
fi=(21)
+4 56 1
cfi=(6)
cfn=(54)
calls=1 0x1cef0 +72 
* * 19
fe=(28)
+6 721 1
+3 +2 1
+7 * 1
+3 * 1
+3 * 1
+6 +26 1
+7 -9 1
+7 +3 1
+7 -13 1
+7 -1 1
+10 +23 1
+8 -14 1
+3 +2 1
+4 +1 1
+8 +2 1
+4 +1 1
+8 +5 1
+3 * 1
+6 * 1
+2 * 1
+7 +1 1
+8 -1 1
+4 * 1
+3 * 1
-15 +1 9
+8 -1 9
+4 * 9
+3 * 9
+2 +3 1
+3 -9 1
+7 +9 1
+3 -14 1
+4 * 1
+4 +2 1
+4 +1 1
+8 +3 1
+8 -1 1
+4 +6 1
+2 * 1
+8 +1 1
+8 -1 1
+4 * 1
+3 * 1
-15 +1 9
+8 -1 9
+4 * 9
+3 * 9
+2 +15 1
+7 +3 1
+7 -15 1
+7 +7 1
+7 -1 1
+11 +9 1
+3 * 1
+4 +2 1
+8 * 1
+3 * 1
+2 * 1
+6 +2 1
+7 * 1
+3 * 1
+69 +36 1
+3 * 1
+2 * 1
+3 * 1
+31 +2 1
+3 * 1
cfi=(17)
cfn=(40)
calls=1 0x4400 41 
* * 35
+5 * 1
+3 * 1
+4 * 1
+4 * 1
+3 * 1
+6 * 1
+3 * 1
+4 * 1
+3 * 1
+3 * 1
+23 -19 1
+7 -2 1
+7 * 1
+7 +2 1
+3 * 1
+64 +14 1
+7 * 1
+5 +5 1
+6 * 1
+6 * 1
+5 * 1
+3 * 1
+4 * 1
cfi=(22)
cfn=(58)
calls=1 0x2770 190 
* * 11
+5 * 1
+3 +5 1
+3 * 1
+2 * 1
+6 * 1
+3 -1 1
+5 * 1
+1 +2 1
+3 * 1
+4 * 1
+2 * 1
-9 * 26
+3 * 26
+4 * 26
+2 * 26
+2 +1 1
+4 * 1
+3 -1 1
+3 -1 1
+4 * 1
+3 * 1
+2 * 1
-9 * 26
+4 * 26
+3 * 26
+2 * 26
+2 * 1
fi=(21)
+8 56 1
cfi=(6)
cfn=(54)
calls=1 0x1cef0 +72 
* * 19
fe=(28)
+6 818 1
+7 +2 1
+3 * 1
+6 +6 1
+3 * 1
+3 * 1
+3 * 1
+3 * 1
+7 * 1
+3 * 1
cfn=(112) fillin_rpath
calls=1 0xbe00 452 
* * 1202
+5 +3 1
+7 * 1
+4 * 1
+2 +6 1
+10 +4 1
+4 * 1
+1 * 1
+2 * 1
+2 * 1
+2 * 1
+1 * 1
+70 -30 1
+3 * 1
+6 * 1

fn=(112)
0xbe00 452 1
+2 * 1
+2 * 1
+2 * 1
+2 * 1
+1 * 1
+3 * 1
+1 +2 1
+2 -2 1
+4 * 1
+5 * 1
+5 * 1
+5 * 1
+5 * 1
+5 * 1
+5 * 1
+5 * 1
+10 +4 1
+5 * 1
+5 * 1
cfi=(6)
cfn=(114)
calls=1 0x1d580 341 
* * 287
-10 * 2
+5 * 2
+5 * 2
cfi=(6)
cfn=(114)
calls=2 0x1d580 341 
* * 252
+5 * 3
+3 * 3
+3 * 3
+6 +7 2
+5 * 2
+2 +2 2
+5 * 2
+3 * 2
cfn=(116) expand_dynamic_string_token
calls=2 0xbce0 -82 
* * 258
+5 * 2
+3 +4 2
+3 * 2
+2 +5 2
+3 * 2
cfi=(17)
cfn=(40)
calls=2 0x4400 41 
* * 34
+5 +1 2
+3 * 2
+28 +16 2
+7 * 2
+3 * 2
+8 * 5
+3 * 5
+3 * 5
+6 +1 5
+4 * 5
fi=(21)
+65 50 2
+3 * 2
cfi=(6)
cfn=(126)
calls=2 0x1d020 188 
* * 10
+6 * 2
fe=(28)
+6 482 2
+4 * 2
+2 * 2
+6 * 2
+4 * 2
+2 * 2
+78 +28 2
+3 * 2
+6 * 2
+19 +4 2
+7 * 2
+5 * 2
fi=(21)
+3 56 2
cfi=(6)
cfn=(54)
calls=2 0x1cef0 +72 
* * 38
+6 * 2
fe=(28)
+3 516 2
+3 * 2
+6 +5 2
+7 +1 2
+3 * 2
+3 -2 2
+5 +1 2
+5 -1 2
+4 +2 2
cfi=(22)
cfn=(108)
calls=2 0x2760 177 
* * 26
+5 +1 2
+5 +2 2
+7 -3 2
+3 +1 2
+4 +2 2
+2 +1 1
+7 +5 1
+2 +1 1
+7 -1 1
+5 * 1
+3 * 1
+2 +1 1
+3 * 1
-22 -1 1
+2 +1 1
+7 -1 1
+5 * 1
+3 * 1
+2 +1 1
+3 * 1
+2 * 2
+2 * 2
+5 +1 2
+4 -1 2
+4 * 2
+3 * 2
-11 +1 18
+4 -1 18
+4 * 18
+3 * 18
+2 +3 2
+5 * 2
+4 +1 2
+5 * 2
+3 * 2
+35 +7 2
+7 * 2
+3 +1 2
+7 +3 2
+5 * 2
+4 * 2
+31 +6 1
+9 +3 1
+4 * 1
+3 * 1
+1 * 1
+1 * 1
+2 * 1
+2 * 1
+2 * 1
+2 * 1
+1 -15 2
+8 * 2
+2 -59 2
+3 +5 2
+3 * 2
+4 * 2
+6 * 2

fn=(156)
0xc710 1931 6
+4 * 6
+2 * 6
+2 * 6
+2 * 6
+2 * 6
+1 * 6
+1 * 6
+7 * 6
+4 * 6
+4 +8 6
+3 * 6
+6 +1 6
+7 * 6
+3 * 6
+7 * 6
+6 +3 6
+4 * 6
+3 * 6
+3 * 6
+3 * 6
+4 * 6
+4 * 6
+3 * 6
+6 * 6
+5 * 6
+8 * 15
+4 * 15
+3 * 15
+6 +5 18
+8 * 18
+8 * 18
+3 * 18
+2 * 18
+2 * 18
+2 * 18
+2 +2 18
+3 * 18
+3 * 18
cfi=(45)
cfn=(158)
calls=18 0xfea0 340 
* * 2109
+5 * 18
+2 * 18
+2 +4 15
+8 * 15
+2 +1 15
+7 * 15
+3 * 15
+2 +3 6
+4 +1 6
+4 +1 6
+3 -1 6
+4 +1 6
+3 -1 6
+3 +1 6
cfi=(24)
cfn=(68)
calls=6 0x2fb0 109 
* * 291
+5 * 6
+2 * 6
+22 2235 6
+7 * 6
+3 * 6
+1 * 6
+1 * 6
+2 * 6
+2 * 6
+2 * 6
+2 * 6
+5 * 3
+5 1974 3
+3 * 3
+3 * 3
+5 * 3
+5 * 3
+5 * 3
+4 * 3
+7 * 3
+10 -41 3
+9 +50 3
+7 * 3
+3 * 3
+6 +17 3
+5 * 3
+3 -2 3
+5 +2 3
cfi=(32)
cfn=(92)
calls=3 0x2d80 23 
* * 72
+5 * 3
+3 * 3
+6 2166 1
+3 * 1
+6 -1 1
+3 * 1
+3 * 1
cfn=(116)
calls=1 0xbce0 383 
* * 179
+5 +2 1
+3 -3 1
+5 +3 1
+3 * 1
+6 +4 1
+2 * 1
+6 * 1
+5 * 1
+3 * 1
+8 * 1
+3 * 1
+5 * 1
cfn=(160)
calls=1 0x9980 1481 
* * 326
+5 +3 1
+5 * 1
+3 -3 1
+2 +3 1
+6 +12 1
+4 * 1
+5 * 1
+2 * 1
+4 +46 1
+7 +1 1
+3 * 1
+3 * 1
+3 -1 1
+5 +1 1
+1 * 1
+5 * 1
+1 * 1
+2 * 1
+4 * 1
+1 * 1
+8 * 1
+5 * 1
cfn=(170)
calls=1 0xa700 877 
* * 1699
-48 -1 2
+7 +1 2
+3 * 2
+3 * 2
+3 -1 2
+5 +1 2
+1 * 2
+5 * 2
+1 * 2
+2 * 2
+4 * 2
+1 * 2
+8 * 2
+5 * 2
cfn=(170)
calls=2 0xa700 877 
* * 3629
+5 * 3
+4 * 3
+3 * 3
+56 2004 2
+3 * 2
cfi=(17)
cfn=(40)
calls=2 0x4400 41 
* * 34
+5 * 2
+4 * 2
+5 +2 2
+7 * 2
+6 +7 2
+3 * 2
+6 * 2
+9 * 2
+16 +51 2
+4 * 2
+3 * 2
+7 * 2
+3 * 2
+5 * 2
+1 * 2
+2 * 2
+2 * 2
+5 * 2
+8 * 2
+8 * 2
cfn=(200) open_path
calls=2 0xa050 1779 
* * 3664
+5 +6 2
+4 -6 2
+2 +6 2
+3 * 2
+2 * 2
+5 * 2
+2 664 2
+8 2071 2
+8 664 2
+4 * 2
+79 2158 2
+7 * 2
+6 +28 2
+4 * 2
+5 * 2
+2 * 2
+4 +2 2
+3 * 2
+2 * 2
+8 * 2
0xcafd 2017 2
+7 +1 2
+2 +7 2
+5 -8 2
+3 +8 2
+5 * 2
+2 -8 2
+5 +8 2
+8 * 2
+5 * 2
+5 * 2
+5 * 2
+5 * 2
+5 * 2
+71 -3 2
+7 * 2
+3 * 2
+6 664 2
+7 2023 2
+7 664 2
+4 * 2
0xcc46 2079 2
+9 +14 2
+7 * 2
+6 +2 2
+7 * 2
+3 * 2
+6 +4 2
+3 * 2
cfi=(60) /usr/src/debug/glibc-2.28-251.el8_10.25.x86_64/elf/dl-cache.c
cfn=(204) _dl_load_cache_lookup
calls=2 0x17620 406 
* * 2858
+5 * 2
+3 +2 2
+3 * 2
+6 +4 2
+3 * 2
+6 +8 2
+9 * 2
+6 * 2
+3 +23 2
+3 * 2
+3 * 2
+5 * 2
+5 * 2
+8 * 2
+5 * 2
+3 * 2
cfn=(160)
calls=2 0x9980 1481 
* * 458
+5 +4 2
+5 * 2
+3 -4 2
+2 +4 2
+2 +1 2
+5 * 2
0xcdac +13 2
+2 * 2
+5 * 2
+5 2037 2
+2 * 2
+6 +1 2
+5 * 2
+3 * 2
+6 * 2
+3 * 2
+5 * 2
+3 * 2
+7 * 2
+4 * 2
+3 * 2
+2 * 2
+2 664 2
+7 2039 2
+7 664 2
+4 * 2
+99 2063 2
+8 * 2
+6 +1 2
+3 * 2
0xd093 -16 2
+3 * 2

fn=(116)
0xbce0 383 3
+2 * 3
+2 * 3
+3 +10 3
+3 -10 3
+1 * 3
+1 * 3
+3 * 3
+4 +10 3
cfn=(118)
calls=3 0xbac0 236 
* * 150
+5 +3 3
+3 * 3
+2 +12 3
+4 -11 3
+3 +11 3
+1 * 3
+1 * 3
+2 * 3
+2 -11 3
cfi=(36)
cfn=(120)
calls=3 0x252a0 40 
* * 233

fn=(118)
0xbac0 236 8
+4 * 8
+2 +3 8
+5 -3 8
+2 * 8
+2 * 8
+1 +7 8
+2 -7 8
+1 +3 8
cfi=(32)
cfn=(92)
calls=8 0x2d80 23 
* * 264
+5 +3 8
+3 * 8
+2 +20 8
+1 * 8
+3 * 8
+1 * 8
+2 * 8
+2 * 8
+2 * 8

fn=(200)
0xa050 1779 2
+1 * 2
+3 * 2
+2 * 2
+2 * 2
+2 * 2
+2 * 2
+1 * 2
+7 +1 2
+3 * 2
+7 +6 2
+3 * 2
+6 +5 2
+7 * 2
+7 * 2
+3 * 2
+5 * 2
+3 * 2
+6 * 2
+3 * 2
+4 * 2
+3 * 2
+3 * 2
+23 * 2
+7 * 2
+6 * 2
+5 * 2
+7 * 2
+7 * 2
+4 * 2
+7 * 2
+3 * 2
+7 * 2
+7 * 2
+6 * 2
+7 * 2
+3 * 2
+7 -7 2
+10 -1 2
+11 * 2
+6 +20 2
+4 * 2
+3 * 2
+6 * 2
-13 * 2
+4 * 2
+3 * 2
+6 * 2
+6 +7 4
+4 * 4
+4 * 4
+3 -12 4
+3 +13 4
+2 -1 4
cfi=(22)
cfn=(108)
calls=4 0x2760 177 
* * 52
+5 * 4
+7 +59 4
+7 * 4
+7 -8 4
+6 * 4
+5 * 4
+6 * 4
+10 * 4
+7 -50 4
+3 * 4
-10 +50 22
+7 -50 22
+3 * 22
+6 +3 40
+6 * 40
+6 +5 22
+3 * 22
+7 * 22
+4 * 22
+7 * 22
+4 * 22
+3 * 22
cfi=(22)
cfn=(108)
calls=22 0x2760 177 
* * 298
+5 * 22
+7 * 22
+7 * 22
+3 * 22
cfi=(22)
cfn=(108)
calls=22 0x2760 177 
* * 286
+5 +3 22
+3 * 22
+7 +6 22
+5 * 22
+6 +3 22
+3 * 22
+4 * 22
+3 * 22
+3 * 22
+4 * 22
+7 * 22
cfn=(160)
calls=22 0x9980 1481 
* * 1144
+5 * 22
+2 +2 22
+5 * 22
+2 * 22
+6 +2 20
+3 * 20
0xa29f +62 2
+5 +27 2
+4 * 2
+2 * 2
+1 * 2
+2 * 2
+2 * 2
+2 * 2
+2 * 2
+1 * 2
+76 1811 18
+4 * 18
+3 * 18
+6 +89 4
+3 * 4
+2 * 4
+6 * 4
+3 * 4
+2 * 4
+3 * 4
+6 +7 4
+8 * 4
+7 -2 4
+7 +2 4
+3 * 4
+3 * 4
+6 +3 2
+6 * 2
+2 * 2
+88 -51 2
+3 * 2
+3 * 2
+3 * 2
+3 +2 2
+3 * 2
+6 -50 22
+4 * 22
+15 +29 20
+5 * 20
+2 +1 20
+4 * 20
+7 * 20
+4 * 20
+4 * 20
+4 * 20
+4 * 20
+7 * 20
+6 +6 20
+7 * 20
+7 +2 20
+3 * 20
+5 -2 20
+3 * 20
+3 * 20
+4 +2 20
+7 * 20
cfi=(59)
cfn=(202)
calls=20 0x24b90 33 
* * 274
+5 +3 20
+5 -3 20
+2 * 20
+2 +1 2
+6 +2 2
+2 -2 2
+5 +2 2
+5 * 2
+3 * 2
+3 * 2
+5 * 2
+5 * 2
+4 * 2
+5 * 2
-5 * 18
+5 * 18
0xa616 -61 2
+3 * 2
+6 * 2

fl=(81)
fn=(544)
0x10a00 212 1
+4 * 1
+2 * 1
+2 * 1
+1 * 1
+1 * 1
+4 +4 1
+8 * 1
+2 * 1
+3 * 1
+7 * 1
+3 +1 1
+4 * 1
+3 * 1
+2 * 1
+2 +1 1
+7 * 1
-7 * 3
+7 * 3
+2 * 4
+7 * 4
+2 +1 1
+7 * 1
+17 -2 3
+4 * 3
+3 * 3
+47 +5 1
+4 * 1
+2 +4 1
+4 * 1
+3 * 1
+1 * 1
+1 * 1
+2 * 1
+2 * 1

fl=(15) /usr/src/debug/glibc-2.28-251.el8_10.25.x86_64/elf/../sysdeps/x86/cpu-features.c
fn=(36) update_usable.constprop.2
0x186e0 50 1
+2 * 1
+2 * 1
+2 * 1
+2 * 1
+1 * 1
+1 * 1
+7 +4 1
+7 +18 1
+6 +10 1
+6 -9 1
+7 -10 1
+3 -1 1
+3 +10 1
+6 * 1
+6 -9 1
+5 -1 1
+6 +25 1
+3 -4 1
+2 -21 1
+6 +19 1
+3 +9 1
+3 -7 1
+3 +4 1
+6 -24 1
+2 +28 1
+7 +4 1
+7 -8 1
+2 +13 1
+6 -19 1
+7 +2 1
+4 +11 1
+3 +5 1
+3 -18 1
+7 +9 1
+7 +10 1
+6 * 1
+6 +1 1
+6 -7 1
+6 -4 1
+7 +4 1
+6 +5 1
+7 -18 1
+7 +18 1
+7 -12 1
+6 +14 1
+6 -11 1
+7 +4 1
+6 +5 1
+7 +2 1
+6 +1 1
+7 +2 1
+3 * 1
+6 * 1
+6 * 1
+6 +3 1
+2 * 1
+6 +4 1
+2 * 1
+3 +2 1
+2 * 1
+3 * 1
+3 * 1
+6 +83 1
+5 * 1
+5 * 1
+16 +12 1
+6 * 1
+6 +1 1
+6 +3 1
+2 * 1
+3 * 1
+6 +4 1
+7 * 1
+6 +4 1
+5 * 1
+2 * 1
+2 +1 1
+2 * 1
+6 +3 1
+3 -1 1
+3 +9 1
+3 -5 1
+2 +2 1
+6 -2 1
+7 +5 1
0x18958 +51 1
+4 * 1
+2 * 1
+9 +4 1
+6 * 1
+2 * 1
+32 +6 1
+7 * 1
+1 * 1
+1 * 1
+2 * 1
+2 * 1
+2 * 1
+2 * 1
+8 117 1
+7 * 1
+2 +2 1
+6 +3 1
+4 * 1
+6 +10 1
+3 +8 1
+7 +2 1
+7 -10 1
+3 +8 1
+3 +2 1
+3 -10 1
+2 +6 1
+2 +2 1
+7 -2 1
+6 -6 1
+6 +6 1
+3 +4 1
+6 -4 1
+7 +9 1
+2 * 1
+6 * 1
+6 * 1
+2 * 1
+6 * 1
+96 -18 1
+10 -5 1
+4 * 1
+7 +4 1

fn=(32) init_cpu_features.constprop.0
0x18aa0 386 1
+1 +5 1
+2 -5 1
+1 * 1
+4 +3 1
+7 +1 1
+8 +1 1
+8 +11 1
+2 * 1
+6 +3 1
+6 * 1
+6 * 1
+6 * 1
+6 * 1
+6 * 1
0x18bb1 648 1
+6 * 1
+3 * 1
+2 +1 1
+7 +3 1
+3 * 1
+2 +1 1
+7 +6 1
+6 +6 1
+5 -5 1
+6 +5 1
+3 -4 1
+6 +4 1
+7 -3 1
+6 +3 1
cfi=(9)
cfn=(22)
calls=1 0x181d0 412 
* * 22
+5 +2 1
+2 * 1
+3 * 1
+5 * 1
cfi=(9)
cfn=(22)
calls=1 0x181d0 412 
* * 23
+5 * 1
+5 +2 1
+2 * 1
+3 * 1
+5 -2 1
+7 +2 1
cfi=(9)
cfn=(22)
calls=1 0x181d0 412 
* * 23
+5 * 1
+5 +2 1
+2 * 1
+3 * 1
+5 -2 1
+7 +2 1
cfi=(9)
cfn=(22)
calls=1 0x181d0 412 
* * 23
+5 * 1
+5 +2 1
+2 * 1
+3 * 1
+5 -2 1
+7 +2 1
cfi=(9)
cfn=(22)
calls=1 0x181d0 412 
* * 23
+5 * 1
+5 +2 1
+2 * 1
+3 * 1
+5 -2 1
+7 +2 1
cfi=(9)
cfn=(22)
calls=1 0x181d0 412 
* * 23
+5 * 1
+5 * 1
+7 +4 1
+6 * 1
+5 * 1
+6 +14 1
+6 -1 1
+2 * 1
+6 +1 1
+3 * 1
+2 * 1
+68 +48 1
+7 -1 1
+11 +1 1
+6 +44 1
+7 * 1
+2 +1 1
+6 * 1
+5 * 1
+6 +4 1
+3 * 1
+7 * 1
+5 * 1
cfi=(9)
cfn=(22)
calls=1 0x181d0 412 
* * 22
+5 +2 1
+3 * 1
+5 * 1
+7 * 1
cfi=(9)
cfn=(22)
calls=1 0x181d0 412 
* * 22
fi=(16) /usr/src/debug/glibc-2.28-251.el8_10.25.x86_64/elf/../sysdeps/unix/sysv/linux/x86/cpu-features.c
+5 28 1
+3 * 1
+5 * 1
+5 * 1
+2 * 1
+3 * 1
fe=(15)
+6 842 1
+4 * 1
+1 * 1
+1 * 1
0x18f88 -97 1
+6 * 1
+5 * 1
+23 +27 1
+7 * 1
+47 -10 1
+2 * 1
+6 +1 1
+6 * 1
+3 * 1
+6 +2 1
+5 * 1
+5 * 1
+6 +1 1
+7 * 1
+6 +2 1
+6 * 1
+6 * 1
+6 +1 1
+7 * 1
0x190a0 411 1
+5 * 1
+5 * 1
+3 * 1
+5 * 1
+3 * 1
cfn=(34) get_common_indices.constprop.1
calls=1 0x185b0 -90 
* * 58
+5 299 1
+5 * 1
+2 * 1
+2 * 1
+2 +1 1
+5 * 1
+2 +1 1
+5 * 1
+2 * 1
+6 * 1
+6 * 1
+6 * 1
+6 +5 1
+6 * 1
+2 +1 1
+5 * 1
+2 * 1
+6 * 1
+6 * 1
+6 * 1
+6 +5 1
+6 * 1
+2 +1 1
+5 * 1
+2 * 1
+6 * 1
+6 * 1
+6 * 1
+6 416 1
cfn=(36)
calls=1 0x186e0 50 
* * 129
+5 +2 1
+3 * 1
+3 * 1
+10 523 1
+7 * 1
+12 +2 1
+4 409 1
+5 * 1
+62 530 1
+7 * 1
+2 +2 1
+10 +4 1
+6 * 1
+3 * 1
+12 +8 1
+3 * 1
+2 +2 1
+10 * 1
+33 420 1
+4 * 1
+4 +1 1
+3 -1 1
+4 +1 1
+4 * 1
+6 * 1
+2 * 1
+7 * 1
+4 * 1
+3 * 1
+3 +55 1
+7 * 1
+2 +14 1
+10 +10 1
+3 * 1
+2 * 1
+2 * 1
+3 * 1
+6 +14 1
+10 +1 1

fn=(34)
0x185b0 321 1
+1 * 1
+3 * 1
+3 +7 1
+5 * 1
+2 * 1
+6 +5 1
+2 * 1
+3 -5 1
+6 +5 1
+3 -5 1
+6 +4 1
+6 +1 1
+2 +1 1
+2 * 1
+3 * 1
+3 * 1
+2 +1 1
+2 * 1
+3 * 1
+6 * 1
+3 +1 1
+2 * 1
+3 * 1
+3 +1 1
+3 * 1
+6 +7 1
+7 * 1
+6 +2 1
+6 * 1
+2 * 1
+3 * 1
+2 * 1
+2 +5 1
+5 -5 1
+6 +5 1
+3 -5 1
+6 +5 1
+2 -5 1
+6 * 1
+6 +5 1
+2 +7 1
+7 -7 1
+6 * 1
+6 * 1
+6 * 1
+6 +7 1
+2 +1 1
+5 * 1
+2 * 1
+2 +6 1
+7 -6 1
+6 * 1
+6 * 1
+6 * 1
+6 +6 1
+35 +6 1
+1 * 1

fl=(2)
fn=(154)
0x1f050 650 1
+4 * 1
+1 +2 1
+4 -2 1
+3 +2 1
+2 +1 1
+3 * 1
+4 -1 1
+7 * 1
+3 +1 1
+3 * 1
+2 * 1
cfi=(28)
cfn=(156)
calls=1 0xc710 1931 
* * 2659
+5 * 1
+4 +2 1
+1 * 1

fn=(232)
0x1f880 683 1
+4 * 1
+1 * 1
+3 +2 1
+3 * 1
+5 * 1
+7 * 1
cfi=(65)
cfn=(234)
calls=1 0x16cc0 362 
* * 5093
+5 * 1
+2 * 1
+8 +4 1
+1 * 1

fn=(62) rtld_lock_default_lock_recursive
0x1ef60 850 7
+4 +1 7
+4 +1 7

fn=(136) handle_preload_list
0x20200 898 1
+4 * 1
+2 * 1
+2 * 1
+2 * 1
+2 * 1
+1 * 1
+1 * 1
+7 * 1
+5 * 1
+4 +1 1
+3 -1 1
+3 * 1
+3 * 1
+3 * 1
+3 * 1
+3 +5 1
+3 * 1
+2 +3 1
+7 * 1
+3 * 1
cfi=(41) /usr/src/debug/glibc-2.28-251.el8_10.25.x86_64/string/../string/strcspn.c
cfn=(138) strcspn
calls=1 0x252f0 32 
* * 252
+5 * 1
+3 +1 1
+4 * 1
+6 * 1
+6 +9 1
+3 +4 1
+3 -2 1
+3 * 1
+4 +2 1
cfn=(140) dso_name_valid_for_suid
calls=1 0x1f5e0 177 
* * 14
+5 * 1
+2 * 1
+2 +1 1
+3 * 1
+3 * 1
+3 * 1
cfn=(142) do_preload
calls=1 0x1f100 817 
* * 2789
+5 * 1
+3 -18 1
+3 * 1
+2 +21 1
+7 * 1
+3 * 1
+1 * 1
+1 * 1
+2 * 1
+2 * 1
+2 * 1
+2 * 1
+9 -15 1
+3 * 1
+3 * 1
+3 * 1
cfi=(22)
cfn=(58)
calls=1 0x2770 190 
* * 19
+5 +1 1
+4 * 1

fn=(44) dl_main
0x202c0 1193 1
+4 * 1
+1 +14 1
+7 298 1
+3 1193 1
+3 * 1
+2 * 1
+2 * 1
+3 * 1
+2 * 1
+7 * 1
+2 * 1
+3 * 1
+1 2706 1
+7 1193 1
+7 +14 1
+7 +4 1
+7 2691 1
+7 1211 1
+7 +1 1
+7 * 1
+7 +5 1
+7 2691 1
+3 1217 1
+7 2683 1
+7 1193 1
+7 2683 1
+7 +8 1
+7 * 1
+4 298 1
+5 2691 1
+4 -6 1
+3 1193 1
+6 192 1
+11 2691 1
+7 * 1
+7 * 1
+7 +27 1
+7 193 1
+11 +1 1
+11 +97 1
+8 +1 1
+8 +1 1
+8 +1 1
+8 +1 1
+8 +1 1
+8 +1 1
+7 2718 1
+7 * 1
+2 -25 1
+7 * 1
cfi=(19)
cfn=(46)
calls=1 0x1bdb0 28 
* * 35
-7 * 2
+7 * 2
cfi=(19)
cfn=(46)
calls=2 0x1bdb0 28 
* * 444
+5 * 3
+3 * 3
+2 +4 2
+3 * 2
+3 * 2
+2 -2 2
+2 +2 2
+2 * 2
+2 * 2
+1 +1 2
+4 -1 2
+4 * 2
+2 * 2
-10 +1 17
+4 -1 17
+4 * 17
+2 * 17
+2 * 19
+3 * 19
+2 +3 2
+3 * 2
+2 +6 2
+4 * 2
+4 * 2
+2 * 2
+4 * 2
+3 * 2
+9 * 1
+7 2853 1
+6 * 1
+2 * 1
+6 +32 1
+3 * 1
+12 1225 1
+7 +1 1
+7 -3 1
+10 +2 1
+3 * 1
+3 * 1
+7 +1 1
+7 * 1
+3 * 1
0x20ac8 2782 1
+6 * 1
+2 * 1
+6 +1 1
+10 * 1
+3 * 1
0x20c00 -56 1
+6 * 1
+6 +7 1
+6 * 1
0x20e68 1493 1
+7 * 1
+3 * 1
+2 * 1
+2 * 1
+6 * 1
+3 * 1
cfi=(20)
cfn=(48)
calls=1 0x10190 59 
* * 219
+5 * 1
+3 +2 1
+3 * 1
+6 +1 1
+7 +1 1
+7 +5 1
+2 * 1
+3 -5 1
+8 +1 1
+7 * 1
+3 * 1
+7 +4 1
cfi=(20)
cfn=(60)
calls=1 0x100f0 31 
* * 36
+5 +1 1
+7 * 1
+6 1201 1
+7 1532 1
+6 -5 1
+7 -3 1
+11 +1 1
+11 +7 1
+8 -5 1
+7 +5 1
+3 -3 1
+8 +3 1
+4 * 1
+3 * 1
+6 +56 1
+7 * 1
+3 1198 1
+7 1573 1
+7 +15 1
+3 * 1
+7 * 1
+7 -55 2
+5 * 2
+2 +95 1
+4 * 1
+7 +1 1
+4 * 1
+7 +1 1
+3 -98 1
+4 * 1
+3 * 1
-7 * 7
+4 * 7
+3 * 7
+2 +1 9
+2 * 9
+3 * 9
+6 * 8
+6 * 4
+3 * 4
+6 * 4
+6 * 3
+5 * 3
+2 +91 1
+3 -92 1
+4 +92 1
+6 -92 1
+3 * 1
+8 1641 1
+7 * 1
+7 * 1
+7 * 1
+3 * 1
+12 +3 1
+3 * 1
+6 +2 1
+3 * 1
+13 +2 1
+8 * 1
+6 +13 1
+7 * 1
+3 * 1
+2 +3 1
+4 -2 1
+7 +2 1
+7 -2 1
+4 +2 1
+4 -2 1
+3 * 1
cfi=(24)
cfn=(68)
calls=1 0x2fb0 109 
* * 34
+5 * 1
+2 * 1
+2 +7 1
+11 +3 1
+6 -5 1
+7 +3 1
+10 +2 1
+6 +1 1
+7 * 1
+5 +4 1
+7 * 1
+6 +2 1
+7 * 1
fi=(3)
+6 33 1
+4 +9 1
+3 * 1
+6 +6 1
+3 -2 1
+4 +2 1
+3 * 1
+6 +15 1
+5 +5 1
+6 +3 1
+5 +2 1
+10 -3 1
+10 -3 1
+6 -3 1
+6 * 1
+8 * 3
+3 * 3
+3 * 3
+3 * 3
+4 +10 3
+4 -26 3
+3 * 3
+3 * 3
-14 +16 21
+4 +10 21
+4 -26 21
+3 * 21
+3 * 21
-10 +26 1
+4 -26 1
+3 * 1
+3 * 1
+2 +2 25
+4 * 25
+2 +13 4
+3 * 4
+3 * 4
+4 * 4
+2 +2 1
+3 * 1
+2 * 1
+3 * 1
+29 +16 1
+3 * 1
+3 * 1
0x21199 +37 1
+7 * 1
+3 * 1
+2 +5 1
+5 * 1
+6 +7 1
+5 * 1
+2 +1 1
+7 * 1
+5 * 1
+6 +18 1
+7 * 1
+3 * 1
+46 +14 1
+7 * 1
+3 * 1
+45 +20 1
+8 * 1
fe=(2)
+13 1687 1
+7 * 1
+3 * 1
+44 +7 1
+3 * 1
cfi=(7)
cfn=(12)
calls=1 0xef10 972 
* * 24
+5 +3 1
+4 * 1
fi=(25) /usr/src/debug/glibc-2.28-251.el8_10.25.x86_64/elf/setup-vdso.h
+6 24 1
+8 * 1
fe=(2)
0x2172b 1719 1
cfi=(12)
cfn=(74)
calls=1 0x1e770 46 
* * 88
+5 * 1
+2 * 1
+6 * 1
+6 * 1
+2 * 1
+6 * 1
+6 * 1
+5 * 1
fi=(27) /usr/src/debug/glibc-2.28-251.el8_10.25.x86_64/elf/./dl-main.h
+6 109 1
+4 * 1
+4 * 1
+4 * 1
+4 * 1
cfi=(28)
cfn=(80)
calls=1 0xc310 688 
* * 3758
fe=(2)
+5 1727 1
+7 * 1
+2 * 1
cfi=(38)
cfn=(128)
calls=1 0x73a0 46 
* * 18
+5 +7 1
+8 -7 1
+7 +2 1
+7 +5 1
+6 +4 1
+7 +3 1
+7 -3 1
+3 * 1
+3 * 1
+6 +1 1
+7 * 1
+4 +3 1
+8 +5 1
+8 -7 1
+7 +7 1
+2 +1 1
+2 * 1
+4 * 1
+3 * 1
+3 * 1
+7 +17 1
+8 * 1
+6 +1 1
+8 * 1
+6 +5 1
+7 -3 1
+7 * 1
+7 +2 1
+7 +1 1
+8 * 1
+7 +5 1
+3 * 1
+5 * 1
+10 +1 1
+3 * 1
+4 * 1
+4 * 1
+6 * 1
+6 -1 1
+3 * 1
+16 220 1
+4 -1 1
+7 +1 1
+4 +1 1
+3 * 1
+37 -2 1
+7 +2 1
+3 * 1
+29 1794 1
+4 * 1
+6 +5 1
+8 * 1
0x21af5 +24 1
cfi=(39)
cfn=(130) _dl_count_modids
calls=1 0x15990 219 
* * 5
+5 * 1
+7 +8 1
+7 * 1
+3 * 1
+2 +3 1
+7 * 1
+4 +4 1
+7 * 1
+3 * 1
+13 +5 1
+7 * 1
+7 +1 1
cfi=(38)
cfn=(132) _dl_debug_state
calls=1 0x7390 73 
* * 2
+5 +1 1
+1 +4 1
+5 * 1
+3 * 1
cfi=(40)
cfn=(134) _dl_audit_activity_map
calls=1 0x197a0 29 
* * 16
+5 +5 1
+7 * 1
+4 * 1
+6 +2 1
+2 +2 1
+5 * 1
+6 +9 1
+5 * 1
+6 +16 1
+5 * 1
+7 * 1
cfi=(57)
cfn=(194)
calls=1 0x24ca0 25 
* * 9
+5 * 1
+2 * 1
+6 +76 1
+7 * 1
+3 * 1
+3 * 1
+6 +16 1
+7 * 1
+3 * 1
+9 71 1
+2 1985 1
+2 71 1
+3 * 1
+4 1985 1
+3 * 1
+3 71 1
+3 1985 1
+4 * 1
+2 * 1
+3 * 1
+3 * 1
cfi=(58)
cfn=(196)
calls=1 0x7510 159 
* * 16295
+5 78 1
+2 1991 1
+7 78 1
+4 * 1
+3 +9 1
+3 * 1
+7 1991 1
+2 * 1
+6 +1 1
+7 * 1
+3 * 1
+4 * 1
+3 * 4
+3 * 4
+3 * 4
+7 -1 4
+4 * 4
+3 * 4
-17 +1 1
+3 * 1
+7 -1 1
+4 * 1
+3 * 1
+2 +4 1
+7 * 1
+7 * 1
+3 * 1
+4 +1 1
+7 * 1
+3 * 1
+2 +1 1
+4 +2 1
+3 * 1
+2 +1 1
+7 * 1
+7 -1 1
+5 * 1
+4 +1 1
+4 * 1
+13 * 3
+4 * 3
+7 * 3
+4 * 3
+6 * 2
+2 -1 2
+3 * 2
+2 * 2
-5 * 1
+3 * 1
+2 * 1
+9 +47 1
+2 * 1
+2 +2 1
+7 -2 1
+3 +2 1
+3 * 1
+7 -2 1
+6 +1 1
+2 * 1
+3 +1 1
+7 -1 1
+3 * 1
+6 +1 1
cfi=(43)
cfn=(230)
calls=1 0x1c210 238 
* * 5120
+5 +10 1
+7 +1 1
+8 -1 1
+6 +1 1
+6 +3 1
+3 * 1
+2 866 1
fi=(91) /usr/src/debug/glibc-2.28-251.el8_10.25.x86_64/elf/../sysdeps/unix/sysv/linux/dl-osinfo.h
+7 64 1
+3 * 1
fe=(2)
+2 868 1
fi=(91)
+9 77 1
fe=(2)
+4 877 1
+9 +7 1
+11 -5 1
+7 2067 1
+3 * 1
+2 * 1
+6 2297 1
+7 * 1
+3 * 1
0x21eb0 1533 1
+3 * 1
+6 +4 1
+7 * 1
+4 * 1
+3 +1 1
+9 -5 4
+3 * 4
+6 * 3
+2 * 2
+3 * 2
+6 +55 2
+4 * 2
+7 -1 2
+3 +1 2
+3 -1 2
+3 +2 2
+7 * 2
+2 +1 1
+7 +3 1
+4 * 1
+3 +1 1
+7 * 1
-14 -1 1
+4 * 1
+3 +1 1
+7 * 1
+2 +1 2
+7 +1 2
+4 * 2
+6 * 1
+7 * 1
+6 +1 1
+7 * 1
+11 -36 1
+7 -9 1
+3 -1 1
+7 +1 1
+4 +2 1
+7 -3 1
+3 +10 1
+3 * 1
+2 +18 1
+7 * 1
+77 -37 1
+3 * 1
+4 * 1
+4 +1 1
fi=(23)
0x22030 59 1
+8 * 1
+6 * 1
+5 * 1
fe=(2)
0x221f0 1779 1
+4 +6 1
+8 -6 1
+7 +1 1
+4 * 1
+7 +5 1
fi=(3)
+26 68 1
+3 * 1
+3 * 1
+4 * 1
+6 +3 1
+3 * 1
+3 * 1
+4 * 1
+6 +1 1
+3 +1 1
+4 * 1
+4 * 1
fe=(2)
+13 1798 1
+6 * 1
+50 -85 1
+7 * 1
+7 * 1
+10 * 1
+4 2012 1
+3 * 1
+7 +1 1
+2 * 1
+6 +2 1
+3 +2 1
+2 * 1
+2 * 1
+6 +2 1
+7 -4 1
+7 +5 1
+4 -1 1
+3 * 1
+16 +14 1
+3 * 1
+6 +1 1
+7 * 1
+4 +1 1
+7 * 1
+3 * 1
+42 +3 1
+6 * 1
+7 2357 1
+9 +4 1
+7 -8 1
+7 +4 1
+7 +4 1
+7 +3 1
+3 * 1
+6 +8 1
fi=(23)
+7 33 1
+3 * 1
+3 * 1
cfi=(66)
cfn=(250)
calls=1 0x19790 245 
* * 31
fe=(2)
+5 2423 1
+2 +3 1
+6 +2 1
+7 -5 1
+8 * 1
+3 +3 1
+2 * 1
+6 +2 1
+3 * 1
+2 +1 1
+2 * 1
+7 * 1
+2 * 1
+2 * 1
+3 * 1
cfi=(67)
cfn=(254)
calls=1 0x12760 167 
* * 79462
+5 71 1
+2 2435 1
+7 71 1
+3 * 1
+4 * 1
+3 2436 1
+4 * 1
+4 * 1
+4 * 1
-8 * 4
+4 * 4
+4 * 4
+2 +2 5
+7 * 5
+3 * 5
+4 +5 5
+4 * 5
+4 +2 5
+3 * 5
+6 +8 5
+7 -2 5
+8 +2 5
+3 * 5
+2 +1 4
+6 * 4
+2 * 4
+2 * 4
+3 * 4
+7 * 4
+2 * 4
+3 * 4
cfi=(67)
cfn=(254)
calls=4 0x12760 167 
* * 25976
+5 +4 5
+8 * 5
+2 * 1
+7 * 1
+2 +1 1
+5 * 1
+3 -23 1
+4 +23 1
cfi=(39)
cfn=(352) _dl_add_to_slotinfo
calls=1 0x163c0 1136 
* * 35
+5 -23 1
+4 * 1
+5 78 1
+2 * 1
+2 * 1
+4 * 1
+3 +1 1
+3 2467 1
+8 79 1
+7 2467 1
+6 +5 1
+7 * 1
+2 * 1
+8 * 1
+16 +2 1
+8 +7 1
+7 * 1
+5 * 1
+3 * 1
cfi=(39)
cfn=(402) _dl_allocate_tls_init
calls=1 0x15ca0 571 
* * 152
+5 +3 1
+7 * 1
+32 +9 1
+7 * 1
+7 * 1
+6 +2 1
+2 * 1
+2 * 1
+7 * 1
+2 +12 1
+3 * 1
cfi=(6)
cfn=(404)
calls=1 0x1d3c0 89 
* * 2673
+5 71 1
+2 2513 1
+7 +1 1
+2 * 1
+7 * 1
+7 71 1
+3 * 1
+4 * 1
+3 2514 1
+2 * 1
cfi=(67)
cfn=(254)
calls=1 0x12760 167 
* * 4019
+5 78 1
+2 * 1
+4 * 1
+3 +9 1
+3 * 1
+7 2522 1
+7 * 1
+5 * 1
cfi=(73)
cfn=(414)
calls=1 0x6260 27 
* * 236
+5 +7 1
cfi=(8) /usr/src/debug/glibc-2.28-251.el8_10.25.x86_64/elf/../elf/dl-sysdep.c
cfn=(424) _dl_sysdep_start_cleanup
calls=1 0x1e5c0 262 
* * 2
+5 +4 1
+2 * 1
+2 * 1
cfi=(40)
cfn=(426) _dl_audit_activity_nsid
calls=1 0x19810 41 
* * 19
+5 +5 1
+2 * 1
+2 * 1
cfi=(38)
cfn=(128)
calls=1 0x73a0 46 
* * 9
+5 +1 1
+7 -1 1
+3 +2 1
cfi=(38)
cfn=(132)
calls=1 0x7390 73 
* * 2
+5 +1 1
+1 +4 1
cfi=(60)
cfn=(428) _dl_unload_cache
calls=1 0x179e0 527 
* * 18
+5 +5 1
+4 * 1
+1 * 1
+2 * 1
+2 * 1
+2 * 1
+2 * 1
+1 * 1
+8 2447 1
+7 +1 1
+4 -3 1
+3 * 1
0x22700 1737 1
+7 * 1
+3 * 1
+7 * 1
0x22a80 2010 1
+7 * 1
0x22b45 +50 1
+2 * 1
cfn=(238) init_tls
calls=1 0x1f630 743 
* * 739
+5 * 1
+7 * 1
0x22fab -97 1
+2 * 1
+3 * 1
+8 * 1
+4 * 1
+4 * 1
+3 * 1
+7 * 1
+3 * 1
+3 * 1
+3 * 1
0x23249 71 1
+2 1862 1
+4 71 1
+4 * 1
+3 1862 1
+3 71 1
+3 1862 1
+7 * 1
cfn=(136)
calls=1 0x20200 898 
* * 3128
+5 * 1
+2 78 1
+2 * 1
+4 * 1
+3 +9 1
+3 * 1
+7 * 1
+25 2734 1
+6 * 1
+6 * 1
+4 * 1
+6 +2 1
+4 * 1
+4 +1 1
+5 +46 1
+7 * 1
+6 +2 1
+4 * 1
+4 +1 1
+7 * 1
+4 +1 1
0x23406 1963 1
+5 * 1
+2 * 1
+3 * 1
+6 * 1
+5 +1 1
+2 -1 1
+4 +1 1
+7 +3 1
+2 * 1
+3 * 1
+4 +1 1
+5 +1 1
+3 * 1
+2 +1 1
+2 * 1
+6 -7 1
+3 * 1

fn=(64) rtld_lock_default_unlock_recursive
0x1ef70 856 7
+4 +1 7
+4 +1 7

fn=(142)
0x1f100 817 1
+2 +12 1
+7 -12 1
+3 * 1
+1 * 1
+1 * 1
+3 * 1
+4 +10 1
+6 -4 1
+5 +6 1
+5 * 1
+5 -5 1
+5 +5 1
+5 * 1
+5 -10 1
+9 +6 1
+8 +4 1
cob=(2)
cfi=(42)
cfn=(144)
calls=1 0x4001070 0 
* * 2761
+5 +1 1
+5 * 1
+3 * 1
+2 +8 1
+2 * 1
+6 * 1
+3 +6 1
+4 * 1
+1 * 1
+1 * 1
+2 * 1

fn=(2)
0x1fbf0 504 1
+4 * 1
+1 * 1
+3 * 1
+2 * 1
+2 * 1
+2 * 1
+2 * 1
+3 * 1
+1 * 1
+4 71 1
+2 * 1
+4 * 1
fi=(5)
+3 -13 1
fe=(2)
+7 +13 1
fi=(3)
+7 -23 1
fi=(5)
+7 +10 1
+3 * 1
fe=(2)
+7 548 1
+7 -3 1
fi=(3)
+7 48 1
+3 * 1
+6 +15 1
+5 +5 1
+6 +3 1
+5 +2 1
+10 * 1
+7 -6 1
+6 +3 1
+10 +3 1
+3 -6 1
+7 +3 1
+3 * 1
+11 -6 5
+5 * 5
+3 * 5
+3 * 5
+4 +10 5
+4 -26 5
+3 * 5
+3 * 5
-14 +16 14
+4 +10 14
+4 -26 14
+3 * 14
+3 * 14
-10 +26 1
+4 -26 1
+3 * 1
+3 * 1
+2 +2 20
+4 * 20
+2 +13 6
+3 * 6
+3 * 6
+4 * 6
+2 +2 1
+3 * 1
+2 * 1
+3 * 1
+27 +16 1
+3 * 1
+6 +20 1
+7 * 1
+3 * 1
+2 * 1
+4 +1 1
+7 * 1
+3 * 1
+2 * 1
+4 +1 1
+7 * 1
+3 * 1
+2 * 1
+4 +1 1
+7 * 1
+3 * 1
+2 * 1
+4 +2 1
+7 * 1
+3 * 1
+2 * 1
+4 +5 1
+7 * 1
+3 * 1
+2 * 1
+4 +1 1
+7 * 1
+3 * 1
+2 * 1
+4 +1 1
+7 * 1
+3 * 1
+2 * 1
+4 +5 1
+7 * 1
+3 * 1
+2 +5 1
+5 * 1
+6 +7 1
+7 * 1
+3 * 1
+2 +1 1
+7 * 1
+5 * 1
+6 +8 1
+7 * 1
+3 * 1
+2 * 1
+8 * 1
+6 +3 1
+7 * 1
+3 * 1
+16 +4 1
+8 * 1
+6 +1 1
+8 * 1
fe=(2)
+6 559 1
+3 * 1
+20 +7 1
+7 +13 1
cfi=(6)
cfn=(10)
calls=1 0x1d060 55 
* * 10
+5 71 1
+2 471 1
+7 71 1
+4 * 1
+3 * 1
+7 471 1
cfi=(7)
cfn=(12)
calls=1 0xef10 972 
* * 24
+5 +1 1
+7 +18 1
+3 * 1
+7 -18 1
+7 +1 1
+7 * 1
+7 +1 1
+7 * 1
+7 +1 1
+7 * 1
+7 +9 1
+7 +6 1
cfi=(8)
cfn=(14) _dl_sysdep_start
calls=1 0x1e230 88 
* * 181264
+5 * 1
+3 +2 1
+7 * 1
+6 594 1
+4 * 1
+3 * 1
+1 * 1
+2 * 1
+2 * 1
+2 * 1
+2 * 1
+1 * 1
fi=(3)
+4 68 1
+3 * 1
+3 * 1
+4 * 1
fe=(2)
+22 564 1
+3 * 1
+6 * 1
+4 * 1
+7 * 1
+7 * 1
+4 * 1
+3 * 1
+3 * 1
+4 * 1
+3 * 1
+2 * 1
+4 * 1
+4 * 1
+4 * 1
+3 * 1
+2 * 1
+7 * 1
+7 * 1
+3 * 1
+4 * 1
+4 * 1
+3 * 1
+3 * 1
+3 * 1
fi=(4)
+4 86 1
+7 -1 1
+4 +28 1
+3 * 1
+2 * 1
+3 +1 1
+3 * 1
fi=(5)
+3 538 1
+4 * 1
fi=(4)
-10 114 49
+3 * 49
fi=(5)
+3 538 49
+4 * 49
+6 +1 50
fi=(4)
+4 113 50
fi=(5)
+4 539 50
+3 * 50
fi=(4)
+3 113 50
+3 * 50
+2 +5 1
+8 * 1
fi=(5)
+6 331 1
+7 +88 1
fi=(4)
+7 126 1
+3 * 1
+6 +2 6
+4 * 6
fi=(5)
+3 271 6
fi=(4)
+2 128 6
+4 +1 6
+4 * 6
+4 +1 6
+4 * 6
fi=(5)
+3 299 6
+3 * 6
+6 +8 6
+2 * 6
+3 * 6
+2 * 6
+5 * 6
+5 * 6
+4 * 6
+4 * 6
+5 * 6
+6 * 6
+7 +3 6
+4 * 6
+6 +21 6
+4 * 6
+4 * 6
+2 * 5
+4 * 5
+3 * 5
fi=(3)
+5 71 1
+3 * 1
+3 * 1
+4 * 1
+6 +1 1
+3 +1 1
+4 * 1
fi=(4)
+33 +53 6
+4 * 6
+3 * 6
+6 * 1
fi=(5)
+43 351 5
+4 * 5
+3 +1 5
fe=(2)

fn=(140)
0x1f5e0 177 1
+1 * 1
+1 * 1
+3 * 1
+4 +1 1
+6 * 1
+2 * 1
+2 +8 1
+3 * 1
+4 +1 1
+4 * 1
+2 * 1
+1 * 1
+1 * 1

fn=(238)
0x1f630 743 1
+1 * 1
+1 * 1
+4 +2 1
+7 +4 1
+8 -4 1
+7 +4 1
+6 * 1
+3 +10 1
fi=(21)
+4 44 1
fe=(2)
+5 755 1
+4 +4 1
fi=(21)
+4 44 1
cfi=(6)
cfn=(50)
calls=1 0x1ceb0 171 
* * 28
fe=(2)
+6 770 1
+8 -12 1
+7 +6 1
+4 -9 1
+3 +11 1
+8 +4 1
+6 +2 1
+7 * 1
+3 * 1
+6 -1 1
+2 * 1
+2 * 1
+4 +3 1
+8 * 1
+3 * 1
-11 * 4
+8 * 4
+3 * 4
+2 +4 1
+4 +2 1
+3 -2 1
+5 +2 1
+3 * 1
+3 -7 1
+4 -1 1
+3 * 1
-7 +1 4
+4 -1 4
+3 * 4
+2 +10 1
+7 * 1
+6 +3 1
+3 * 1
cfi=(39)
cfn=(240) _dl_tls_static_surplus_init
calls=1 0x157e0 118 
* * 82
+5 +3 1
cfi=(39)
cfn=(242) _dl_determine_tlsoffset
calls=1 0x15a00 243 
* * 69
+5 +7 1
cfi=(39)
cfn=(244) _dl_allocate_tls_storage
calls=1 0x15bd0 443 
* * 453
+5 * 1
+3 +1 1
+3 * 1
+6 +4 1
cfi=(39)
cfn=(248) _dl_tls_initial_modid_limit_setup
calls=1 0x16360 1098 
* * 21
+5 +4 1
+4 +3 1
+5 * 1
+3 -3 1
+7 +3 1
+5 * 1
+3 * 1
+4 * 1
+2 * 1
+2 * 1
+2 +3 1
+7 +3 1
+4 * 1
+3 * 1
+1 * 1
+1 * 1

fl=(34)
fn=(100)
0x2360 23 1
+4 +5 1
+3 +1 1
+6 +1 1
+4 +1 1
+6 +1 1
+3 +1 1
+3 +1 1
+4 +1 1
+6 +3 1
+7 +1 1
+2 +1 1
+3 +1 1
+4 +1 1
+4 +1 1
+6 +1 1
+4 +1 1
+2 +1 1
+6 +2 1
+7 +1 1
+23 +9 1
+7 +1 1
+21 +9 1
+7 +1 1
+2 +1 1
+3 +1 1
+4 +1 1
+4 +1 1
+63 +29 1
+3 +1 1
+2 +1 1
+3 +1 1
+3 +1 1
+4 +1 1
+4 +1 1
+4 +1 1
+3 +1 1
+3 +1 1
+3 +1 1
+3 +1 1
+2 +1 1

fl=(13) /usr/src/debug/glibc-2.28-251.el8_10.25.x86_64/elf/../sysdeps/unix/sysv/linux/x86_64/brk.c
fn=(26) brk
0x23fb0 28 1
+4 +3 1
+5 * 1
+2 * 1
+6 * 1
+2 * 1
+7 +2 1
+3 * 1
+2 +6 1
+2 +1 1

fl=(47)
fn=(164)
0x24e90 25 6
+4 +1 6
+2 * 6
+2 * 6
+6 * 6
+2 +1 6

fl=(24)
fn=(68)
0x2fb0 109 277
+4 +33 277
+2 +1 277
+2 +2 277
+4 +1 277
+4 +21 277
+3 +1 277
+2 +1 214
+3 +1 214
+2 +1 195
+4 +1 195
+4 +1 195
+5 +1 195
+5 +17 195
+4 +1 195
+4 +1 195
+4 +1 195
+4 +1 195
+4 +1 195
+6 +1 195
+6 +5 8
+4 +1 8
+4 * 8
+11 * 8
+1 +9 8
+4 +1 8
+4 +1 8
+5 +1 8
+3 +1 8
+3 +1 8
+3 +1 8
+2 +1 8
-24 -7 82
+4 +1 82
+4 +1 82
+5 +1 82
+3 +1 82
+3 +1 82
+3 +1 82
+2 +1 82
+2 +1 86
+2 +1 35
+3 +1 35
+1 +1 35
+3 +2 35
+4 +1 35
+3 +1 35
+7 +1 35
+4 +1 35
+4 +1 35
-22 -5 51
+4 +1 51
+3 +1 51
+7 +1 51
+4 +1 51
+4 +1 51
+7 +10 4
+4 +1 4
+4 +1 4
+4 +2 4
+4 +6 4
+4 +1 4
+5 +1 4
+2 +1 4
+3 +1 4
+3 +5 4
+6 +2 1
+7 +1 1
+7 +1 1
+4 * 1
+7 +8 1
+5 +1 1
+5 +3 1
+4 +1 1
+4 +1 1
+4 +1 1
+4 +1 1
+6 +1 1
0x3370 565 4
+4 +1 4
+4 +1 4
+4 +1 4
+4 +1 4
+5 +2 4
+4 +1 4
+4 +1 4
+5 +1 4
+2 +1 4
+3 +1 4
+3 +1 4
+6 +1 4
+4 +4 4
+4 +1 4
+7 +1 4
+6 +6 4
+4 +1 4
+7 +1 4
+7 * 4
+9 +4 4
+4 +1 4
+6 +3 4
+5 +1 4
+5 +1 4
+4 +3 4
+5 +1 4
+5 +1 4
+4 +6 4
+4 +1 4
+4 +1 4
+4 +1 4
+4 +1 4
+6 +1 4
0x34b0 +72 3
+4 +1 3
+4 +1 3
+4 +1 3
+4 +1 3
+5 +2 3
+4 +1 3
+4 +1 3
+5 +1 3
+2 +1 3
+3 +1 3
+3 +1 3
+6 +1 1
+4 +4 1
+4 +1 1
+7 +1 1
+6 +6 1
+4 +1 1
+7 +1 1
+7 * 1
+9 +4 1
+4 +1 1
+6 +3 1
+5 +1 1
+5 +1 1
+4 +3 1
+5 +1 1
+5 +1 1
+4 +6 1
+4 +1 1
+4 +1 1
+4 +1 1
+4 +1 1
+6 +1 1
0x3730 940 5
+4 +1 5
+4 +1 5
+4 +1 5
+4 +1 5
+5 +2 5
+4 +1 5
+4 +1 5
+5 +1 5
+2 +1 5
+3 +1 5
+3 +1 5
+6 +1 4
+4 +4 4
+4 +1 4
+7 +1 4
+6 +6 4
+4 +1 4
+7 +1 4
+7 * 4
+9 +4 4
+4 +1 4
+6 +3 4
+5 +1 4
+5 +1 4
+4 +3 4
+5 +1 4
+5 +1 4
+4 +6 4
+4 +1 4
+4 +1 4
+4 +1 4
+4 +1 4
+6 +1 4
0x3870 +72 5
+4 +1 5
+4 +1 5
+4 +1 5
+4 +1 5
+5 +2 5
+4 +1 5
+4 +1 5
+5 +1 5
+2 +1 5
+3 +1 5
+3 +1 5
+6 +1 5
+4 +4 5
+4 +1 5
+7 +1 5
+6 +6 5
+4 +1 5
+7 +1 5
+7 * 5
+9 +4 5
+4 +1 5
+6 +3 5
+5 +1 5
+5 +1 5
+4 +3 5
+5 +1 5
+5 +1 5
+4 +6 5
+4 +1 5
+4 +1 5
+4 +1 5
+4 +1 5
+6 +1 5
0x39b0 +72 11
+4 +1 11
+4 +1 11
+4 +1 11
+4 +1 11
+5 +2 11
+4 +1 11
+4 +1 11
+5 +1 11
+2 +1 11
+3 +1 11
+3 +1 11
+6 +1 2
+4 +4 2
+4 +1 2
+7 +1 2
+6 +6 2
+4 +1 2
+7 +1 2
+7 * 2
+9 +4 2
+4 +1 2
+6 +3 2
+5 +1 2
+5 +1 2
+4 +3 2
+5 +1 2
+5 +1 2
+4 +6 2
+4 +1 2
+4 +1 2
+4 +1 2
+4 +1 2
+6 +1 2
0x3af0 +72 15
+4 +1 15
+4 +1 15
+4 +1 15
+4 +1 15
+5 +2 15
+4 +1 15
+4 +1 15
+5 +1 15
+2 +1 15
+3 +1 15
+3 +1 15
+6 +1 6
+4 +4 6
+4 +1 6
+7 +1 6
+6 +6 6
+4 +1 6
+7 +1 6
+7 * 6
+9 +4 6
+4 +1 6
+6 +3 6
+5 +1 6
+5 +1 6
+4 +3 6
+5 +1 6
+5 +1 6
+4 +6 6
+4 +1 6
+4 +1 6
+4 +1 6
+4 +1 6
+6 +1 6
+6 +7 3
+4 +1 3
+4 +2 3
+4 +1 3
+2 +2 3
+5 +1 3
+5 +1 3
+4 +3 3
+5 +1 3
+5 +1 3
+4 +6 3
+4 +1 3
+4 +1 3
+4 +1 3
+4 +1 3
+6 +1 3
+94 +41 2
+4 +1 2
+4 +1 2
+4 +1 2
+4 +1 2
+5 +2 2
+4 +1 2
+4 +1 2
+5 +1 2
+2 +1 2
+3 +1 2
+3 +1 2
+6 +1 2
+4 +4 2
+4 +1 2
+7 +1 2
+6 +6 2
+4 +1 2
+7 +1 2
+7 * 2
+9 +4 2
+4 +1 2
+6 +3 2
+5 +1 2
+5 +1 2
+4 +3 2
+5 +1 2
+5 +1 2
+4 +6 2
+4 +1 2
+4 +1 2
+4 +1 2
+4 +1 2
+6 +1 2
0x3d70 +72 5
+4 +1 5
+4 +1 5
+4 +1 5
+4 +1 5
+5 +2 5
+4 +1 5
+4 +1 5
+5 +1 5
+2 +1 5
+3 +1 5
+3 +1 5
0x3eb0 1690 8
+4 +1 8
+4 +1 8
+4 +1 8
+4 +1 8
+5 +2 8
+4 +1 8
+4 +1 8
+5 +1 8
+2 +1 8
+3 +1 8
+3 +1 8
+6 +1 7
+4 +4 7
+4 +1 7
+7 +1 7
+6 +6 7
+4 +1 7
+7 +1 7
+7 * 7
+9 +4 7
+4 +1 7
+6 +3 7
+5 +1 7
+5 +1 7
+4 +3 7
+5 +1 7
+5 +1 7
+4 +6 7
+4 +1 7
+4 +1 7
+4 +1 7
+4 +1 7
+6 +1 7
0x3ff0 +72 3
+4 +1 3
+4 +1 3
+4 +1 3
+4 +1 3
+5 +2 3
+4 +1 3
+4 +1 3
+5 +1 3
+2 +1 3
+3 +1 3
+3 +1 3
+6 +1 2
+4 +4 2
+4 +1 2
+7 +1 2
+6 +6 2
+4 +1 2
+7 +1 2
+7 * 2
+9 +4 2
+4 +1 2
+6 +3 2
+5 +1 2
+5 +1 2
+4 +3 2
+5 +1 2
+5 +1 2
+4 +6 2
+4 +1 2
+4 +1 2
+4 +1 2
+4 +1 2
+6 +1 2
0x4130 +72 10
+4 +1 10
+4 +1 10
+4 +1 10
+4 +1 10
+5 +2 10
+4 +1 10
+4 +1 10
+5 +1 10
+2 +1 10
+3 +1 10
+3 +1 10
+6 +1 3
+4 +4 3
+4 +1 3
+7 +1 3
+6 +6 3
+4 +1 3
+7 +1 3
+7 * 3
+9 +4 3
+4 +1 3
+6 +3 3
+5 +1 3
+5 +1 3
+4 +3 3
+5 +1 3
+5 +1 3
+4 +6 3
+4 +1 3
+4 +1 3
+4 +1 3
+4 +1 3
+6 +1 3
0x4270 +72 15
+4 +1 15
+4 +1 15
+4 +1 15
+4 +1 15
+5 +2 15
+4 +1 15
+4 +1 15
+5 +1 15
+2 +1 15
+3 +1 15
+3 +1 15
+6 +2 6
+4 +4 6
+4 +1 6
+7 +1 6
+6 +6 6
+4 +1 6
+7 +2 6
+7 * 6
+9 +4 6
+4 +1 6
+6 +3 6
+5 +1 6
+5 +1 6
+4 +3 6
+5 +1 6
+5 +1 6
+4 +6 6
+4 +1 6
+4 +1 6
+4 +1 6
+4 +1 6
+6 +1 6
0x43b0 +74 43
+5 +2 43
+4 +1 43
+4 +1 43
+3 +1 43
-11 -3 47
+4 +1 47
+4 +1 47
+3 +1 47
+2 +1 35
+3 * 35
+11 +5 35
+4 +6 35
+4 +1 35
+4 +8 35
+2 +1 35
-14 -16 242
+4 +6 242
+4 +1 242
+4 +8 242
+2 +1 242

fl=(44)
fn=(152)
0x1f50 30 6
+4 +2 6
+3 +9 6
+3 +1 6
+7 * 6
+4 +1 6
+4 +4 6
+4 +1 6
+4 +1 6
+4 +1 6
+4 +1 6
+5 +2 6
+7 * 6
+4 +2 6
+4 +1 6
+4 +1 6
+1 +2 6
+7 * 6
+4 +2 6
+4 +8 6
+2 +3 6
+5 +1 6
+4 +7 6
+2 +1 6

fl=(60)
fn=(428)
0x179e0 527 1
+4 +1 1
+7 * 1
+4 * 1
+4 * 1
+13 -1 1
+4 +3 1
+7 * 1
cfi=(53)
cfn=(430) munmap
calls=1 0x1eb0 78 
* * 6
+5 +1 1
+11 +4 1
+10 +2 1
+4 * 1

fn=(214) _dl_cache_libcmp
0x16d40 360 23
+4 +1 23
+3 * 23
+3 * 23
+2 * 23
-8 * 2
+3 * 2
+3 * 2
+2 * 2
+2 +2 111
+4 * 111
+3 * 111
+4 * 111
+2 +20 109
+3 * 109
+6 +2 109
+2 * 109
+6 +4 88
+4 -28 88
+3 +29 88
+4 -29 88
+3 * 88
+2 * 88
+2 +32 2
+3 * 2
+2 * 2
+5 -28 2
+3 * 2
+2 +8 2
+4 -2 2
+4 * 2
+3 +1 2
+3 * 2
+4 +1 2
+3 * 2
+4 -2 2
+3 +2 2
+31 +2 2
+4 * 2
+3 * 2
+4 -3 2
+3 +3 2
+34 +2 2
+2 * 2
+6 +9 21
+2 * 21

fn=(210) search_cache
0x16e10 202 2
+2 * 2
+2 * 2
+2 * 2
+3 * 2
+2 * 2
+3 * 2
+1 * 2
+1 * 2
+7 +2 2
+7 -2 2
+5 * 2
+5 * 2
+5 * 2
fi=(62) /usr/src/debug/glibc-2.28-251.el8_10.25.x86_64/elf/../sysdeps/x86/dl-procinfo.h
+5 39 2
+3 * 2
+6 +3 2
+7 * 2
+3 * 2
cfi=(24)
cfn=(68)
calls=2 0x2fb0 +67 
* * 100
+5 * 2
+2 * 2
fe=(60)
+49 207 2
+8 * 2
+2 * 2
+5 * 2
+5 * 2
cfi=(9)
cfn=(22)
calls=2 0x181d0 412 
* * 38
+5 * 2
+8 +2 2
+7 -2 2
+5 +12 2
+4 * 2
+6 +2 2
+3 +1 2
+5 * 2
+5 -1 2
+2 +1 2
+3 -32 2
+4 +32 2
+4 +4 2
+3 * 2
+2 -14 2
+3 * 2
+5 * 2
+5 * 2
+3 * 2
+5 * 2
+3 * 2
+5 352 9
+4 219 9
+3 * 9
+2 +2 19
+4 * 19
+2 +1 19
+3 -32 19
+4 +32 19
+5 +4 19
+3 * 19
+2 +4 21
+3 * 21
+3 * 21
cfn=(214)
calls=21 0x16d40 360 
* * 1473
+5 +1 21
+2 * 21
+2 349 19
+2 +1 10
+4 219 10
+3 * 10
+17 356 2
+5 * 2
+7 * 2
+1 * 2
+1 * 2
+2 * 2
+2 * 2
+2 * 2
+2 * 2
+1 * 2
+5 239 2
+2 * 2
+6 +2 2
+4 -51 2
+3 +51 2
+5 * 2
+3 -51 2
+4 +51 2
+4 +3 2
+3 * 2
+6 * 2
+4 * 2
+4 * 2
+3 * 2
+5 * 2
+4 * 2
+5 * 2
+3 * 2
+5 * 2
+24 +2 2
+3 * 2
+3 * 2
+4 * 2
cfn=(214)
calls=2 0x16d40 360 
* * 142
+5 * 2
+2 * 2
+2 * 2
+5 * 2
+4 * 2
+18 * 2
+3 -37 2
+5 +1 2
+10 -1 2
+8 * 2
+4 +1 2
+3 * 2
+5 -1 2
+9 * 2
+3 * 2
+5 * 2
+3 * 2
+18 +49 2
+3 * 2
+37 +10 2
+7 * 2
+2 +1 2
+3 * 2
+3 * 2
+2 +2 2
+6 * 2
+56 +27 2
+6 * 2
+2 * 2
+2 +1 2
+3 * 2
+6 +4 2
+10 * 2
+3 * 2
+13 +8 2
+7 * 2
+6 +21 2
+5 +3 2
+10 -3 2
+5 +3 2
+6 * 2
+2 * 2
+6 * 2
+13 -57 2
+5 * 2
+2 +8 2
fi=(61) /usr/src/debug/glibc-2.28-251.el8_10.25.x86_64/elf/../sysdeps/generic/dl-cache.h
+4 116 2
+3 * 2
fe=(60)
+4 296 2
+5 * 2
fi=(61)
+15 116 2
+7 * 2
+3 * 2
fi=(62)
0x171df -74 2
+10 * 2
fe=(60)
+5 206 2

fn=(204)
0x17620 406 2
+4 * 2
+1 * 2
+3 * 2
+3 * 2
+1 * 2
+4 +2 2
+7 * 2
+6 +3 2
+7 * 2
+3 * 2
+6 +69 1
+4 * 1
+6 * 1
+7 +5 1
+7 * 1
+4 * 1
-11 * 1
+7 * 1
+4 * 1
+6 +3 2
+3 * 2
+4 * 2
+6 * 2
cfn=(210)
calls=2 0x16e10 202 
* * 2339
+5 * 2
+3 +15 2
+7 * 2
+6 +4 2
+3 * 2
+6 +8 2
+3 * 2
cfi=(17)
cfn=(40)
calls=2 0x4400 41 
* * 70
+5 * 2
+3 * 2
+4 * 2
+3 * 2
+7 * 2
+3 * 2
+4 * 2
+3 * 2
+3 * 2
+23 * 2
+6 * 2
+6 * 2
+5 +1 2
+3 * 2
+4 -1 2
+4 +1 2
+3 * 2
cfi=(22)
cfn=(58)
calls=2 0x2770 190 
* * 22
+5 +1 2
+3 * 2
cfi=(36)
cfn=(120)
calls=2 0x252a0 40 
* * 174
+5 +1 2
+4 * 2
+1 * 2
+56 414 1
+5 * 1
+7 * 1
+7 * 1
+4 * 1
cfi=(45)
cfn=(206) _dl_sysdep_read_whole_file
calls=1 0xf9f0 44 
* * 113
+5 * 1
+3 +8 1
+4 * 1
+6 * 1
+7 * 1
+4 * 1
+4 * 1
+6 +1 1
+10 * 1
+4 * 1
+10 * 1
+3 * 1
+3 * 1
+6 * 1
+8 * 1
+6 +3 1
+10 * 1
+4 * 1
+3 * 1
+3 +1 1
+4 -1 1
+4 * 1
+3 * 1
+2 +3 1
fi=(61)
+5 185 1
+2 * 1
+6 * 1
+3 * 1
+2 * 1
fe=(60)
+61 515 2
+3 * 2
+6 * 2
0x17960 -81 1
+7 +1 1
+7 * 1

fl=(40)
fn=(824) _dl_audit_objclose
0x199b0 97 5
+4 +1 5
+6 * 5
+2 * 5
+2 * 5

fn=(426)
0x19810 41 3
+4 * 3
+2 +4 3
+4 -4 3
+2 +4 3
+4 * 3
+7 -4 3
+1 * 3
+1 * 3
+4 +4 3
+4 +2 3
+6 * 3
+2 * 3
+7 +4 3
+4 * 3
+1 * 3
+1 * 3
+2 * 3
+2 * 3

fn=(494)
0x19a20 118 1
+4 +1 1
+6 * 1
+2 * 1
+2 * 1

fn=(134)
0x197a0 29 1
+4 * 1
+2 * 1
+2 * 1
+1 * 1
+1 * 1
+4 +2 1
+6 -1 1
+7 +1 1
+2 * 1
+63 +6 1
+4 * 1
+1 * 1
+1 * 1
+2 * 1
+2 * 1

fn=(192)
0x19930 77 3
+4 +1 3
+6 * 3
+2 * 3
+2 * 3

fl=(75)
fn=(436) call_init.part.0
0x9080 36 5
+7 +3 5
+4 -3 5
+3 * 5
+6 +3 5
+4 * 5
+3 * 5
+6 -11 4
+2 * 4
+2 * 4
+3 * 4
+2 * 4
+3 * 4
+1 * 4
+2 * 4
+1 +16 4
+7 * 4
+3 * 4
+3 * 4
+2 +5 3
+7 * 3
+2 +9 3
+4 * 3
+3 * 3
+3 * 3
+3 * 3
+2 * 3
cob=(2)
cfi=(42)
cfn=(458)
calls=1 0x4c40090 -58 
* * 7
cob=(3)
cfi=(69)
cfn=(448) _init
calls=1 0x3a570 -58 
* * 189
cob=(2)
cfi=(42)
cfn=(438)
calls=1 0x4a32590 -58 
* * 7
+2 * 3
+7 +4 3
+3 * 3
+2 +6 3
+7 +2 3
+3 * 3
+4 -2 3
+4 * 3
+4 +3 3
+2 * 3
+2 * 3
+3 * 3
+5 * 3
+8 +1 3
+3 * 3
+3 * 3
+2 * 3
cob=(4)
cfi=(70)
cfn=(462)
calls=1 0xc5d0 -72 
* * 12
cob=(3)
cfi=(69)
cfn=(456) check_stdfiles_vtables
calls=1 0x23240 -72 
* * 12
cob=(5) /usr/libexec/valgrind/vgpreload_core-amd64-linux.so
cfi=(76) ???
cfn=(442) 0x00000000000006d0
calls=1 0x6d0 -72 
* * 12
+2 -1 3
+4 * 3
+3 * 3
+2 +3 4
+1 * 4
+1 * 4
+2 * 4
+2 * 4
+2 * 4
+5 -29 1
+7 * 1
+3 * 1
+62 -5 1
+2 * 1
+6 * 1

fn=(434)
0x91a0 79 1
+4 * 1
+2 * 1
+2 * 1
+3 * 1
+2 * 1
+3 * 1
+2 * 1
+3 * 1
+1 * 1
+2 * 1
+1 * 1
+4 +1 1
+7 +1 1
+7 +3 1
+7 * 1
+3 * 1
+6 +8 1
+3 * 1
+7 +25 1
+7 +1 1
+3 * 1
+3 * 1
-6 * 1
+3 * 1
+3 * 1
+2 +1 5
+7 * 5
+2 * 5
+4 -89 5
+7 * 5
+2 * 4
+3 * 4
+3 * 4
+2 +88 4
+3 * 4
cfn=(436)
calls=4 0x9080 -82 
* * 364
+5 * 4
+3 * 4
+2 +4 1
+7 * 1
+6 +1 1
+4 * 1
+1 * 1
+1 * 1
+2 * 1
+2 * 1
+2 * 1
+2 * 1
+86 -93 1
+7 * 1
+2 * 1
cfn=(436)
calls=1 0x9080 +6 
* * 72
+5 +57 1
+11 * 1

fl=(41)
fn=(138)
0x252f0 32 1
+4 * 1
+1 * 1
+3 * 1
+7 +1 1
+3 * 1
+2 * 1
+6 * 1
+4 * 1
+6 +6 1
+4 * 1
+3 * 1
+4 * 1
+5 * 1
+5 * 1
+5 +1 1
+5 * 1
+4 * 1
+4 * 1
+4 +1 1
+8 * 1
+7 * 1
+7 * 1
+7 +1 1
+8 * 1
+7 * 1
+7 * 1
+7 +2 1
+7 +3 1
+4 * 1
+4 * 1
+4 +1 1
+2 * 1
-14 -1 2
+4 * 2
+4 * 2
+4 +1 2
+2 * 2
+2 +3 1
+3 * 1
+2 * 1
+4 * 1
+2 +1 1
+4 * 1
+5 * 1
+4 * 1
+2 +1 1
+4 * 1
+5 * 1
+4 * 1
+2 +1 1
+4 * 1
+5 * 1
+4 * 1
+2 +2 1
+3 * 1
+4 * 1
+1 +5 1
+4 +1 1
+3 +3 1
+5 -2 1
+4 -1 1
+4 +2 1
+4 +3 1
+5 * 1
+5 -3 1
+4 +3 1
+3 * 1
+3 * 1
+3 * 1
+3 * 1
-50 -6 12
+4 +1 12
+3 +3 12
+5 -2 12
+4 -1 12
+4 +2 12
+4 +3 12
+5 * 12
+5 -3 12
+4 +3 12
+3 * 12
+3 * 12
+3 * 12
+3 * 12
+2 +2 1
+3 +1 1
+3 * 1
+2 * 1
+3 * 1
+4 +1 1
+7 * 1
+1 * 1

fl=(50)
fn=(174)
0x24be0 33 4
+4 * 4
+2 +1 4
+3 * 4
+2 +1 4
+2 * 4
+3 * 4
+5 * 4
+2 * 4
+6 * 4
+2 +4 4

fl=(23)
fn=(178)
0x9550 153 6
+1 * 6
+3 * 6
+2 * 6
+3 * 6
+2 * 6
+2 * 6
+3 * 6
+2 * 6
+1 * 6
+4 +4 6
+4 +2 6
+4 * 6
+4 * 6
+3 * 6
+6 53 4
+7 * 4
+6 +6 4
+5 * 4
+6 160 1
+5 -4 1
+3 -94 1
+3 +5 1
+4 * 1
+6 * 3
+6 +89 3
+7 * 3
+2 -89 3
+3 * 3
+8 +70 3
+2 * 3
+4 * 3
+4 * 3
+5 * 3
+4 -1 3
+3 -69 3
+4 * 3
+3 * 3
+6 +3 3
+2 * 3
+3 * 3
+2 +1 3
+4 * 3
+2 +1 3
+7 * 3
+2 +4 3
+8 * 3
+2 * 3
+2 +4 3
+3 * 3
+3 * 3
+7 +3 3
+3 * 3
+3 * 3
+2 +1 3
+4 * 3
+2 +4 3
+4 +1 3
+4 * 3
+5 +11 3
+4 +1 3
+3 * 3
+4 * 3
+3 * 3
+2 +5 3
+6 * 3
+38 -13 3
+2 +1 3
+4 +3 3
+2 * 3
+12 +83 3
+3 * 3
+11 +3 6
+2 +1 6
+4 * 6
+1 * 6
+2 * 6
+2 * 6
+2 * 6
+2 * 6
+1 * 6
+2 * 2
+3 -21 2
+7 * 2
+2 +1 2
+5 * 2
+3 * 2
+3 * 2
+6 * 2
+3 * 2
+4 * 2
+3 * 2
+3 * 2
0x9740 * 2
+6 * 2
+6 +6 2
+2 * 2
+3 * 2
+4 -6 2
+5 +6 2
cfi=(48)
cfn=(166)
calls=2 0x24c70 28 
* * 12
+5 +1 2
+4 -7 2
+4 +7 2
+3 * 2
+3 * 2
+3 * 2
cfi=(47)
cfn=(164)
calls=2 0x24e90 25 
* * 12
+5 * 2
+3 * 2
+6 53 2
+8 * 2
+6 +6 2
+5 * 2
+6 +3 2
+3 +5 2
+4 * 2
+6 +89 2
+3 * 2
+9 -14 3
+3 * 3
+2 * 3
+3 * 3
+3 * 3
+2 +1 3
+8 +1 3
+2 * 3
+6 +1 3
+8 * 3
+11 +19 2
+3 * 2
+6 * 2
+7 -51 3
+4 * 3
+6 +3 3
+3 -23 3
+5 +23 3
+3 +4 3

fl=(20)
fn=(48)
0x10190 59 4
+4 * 4
+2 * 4
+3 * 4
+3 * 4
+2 * 4
+3 * 4
+2 * 4
+2 * 4
+1 * 4
+1 * 4
+3 * 4
+4 * 4
+5 * 4
+4 * 4
+5 +3 4
+5 * 4
+6 +18 3
+7 * 3
+3 * 3
cfi=(17)
cfn=(40)
calls=3 0x4400 -39 
* * 69
+5 * 3
+3 * 3
+3 * 3
+4 * 3
+4 * 3
+8 * 3
fi=(21)
+5 -36 3
+5 * 3
+5 * 3
cfi=(6)
cfn=(50)
calls=3 0x1ceb0 171 
* * 84
fe=(20)
-15 +36 1
fi=(21)
+5 -36 1
+5 * 1
+5 * 1
cfi=(6)
cfn=(50)
calls=1 0x1ceb0 171 
* * 34
+6 * 4
fe=(20)
+3 +51 4
+3 * 4
+6 +4 4
+5 +5 4
+5 -6 4
+4 +6 4
+3 -5 4
+8 * 4
+7 +4 4
+4 +1 4
+4 -1 4
+4 +1 4
+5 * 4
cfi=(22)
cfn=(58)
calls=4 0x2770 +86 
* * 55
+5 * 4
+5 +15 4
+5 -15 4
+4 +2 4
+8 +13 4
+3 * 4
+6 +6 1
+4 +2 1
+7 * 1
+4 * 1
+5 * 1
+3 * 1
+3 * 1
+2 * 1
+6 +3 1
+7 * 1
-37 -3 3
+7 * 3
+4 * 3
+5 * 3
+3 * 3
+3 * 3
+2 * 3
+6 +3 3
+7 * 3
+6 +2 4
+7 +4 4
+4 +3 4
+3 * 4
+2 * 1
+4 * 1
+7 * 1
+4 * 1
+8 * 1
+8 +2 1
+3 -2 1
+4 * 1
+3 * 1
-10 +2 15
+3 -2 15
+4 * 15
+3 * 15
+2 +16 4
+4 -6 4
+7 +1 4
+11 +5 4
+4 * 4
+7 -6 4
+7 +6 4
+4 * 4
+3 * 4
+6 +2 3
+6 * 3
+5 * 3
+7 +3 3
+3 * 3
+13 +4 3
+7 * 3
+3 * 3
+2 +4 3
+2 * 3
+6 +2 1
+7 +6 1
+3 +13 1
+5 -10 1
+7 * 1
+7 +10 1
+3 * 1
+2 * 1
-24 * 3
+5 -10 3
+7 * 3
+7 +10 3
+3 * 3
+2 * 3
+6 +2 3
cfi=(17)
cfn=(40)
calls=3 0x4400 41 
* * 105
+5 +21 3
+3 -21 3
+3 * 3
+4 * 3
+5 +17 3
+3 -13 3
+3 * 3
+2 * 3
fi=(21)
+93 56 3
+3 * 3
cfi=(6)
cfn=(54)
calls=3 0x1cef0 +72 
* * 118
+6 * 3
fe=(20)
+3 200 3
+3 * 3
+6 * 3
+3 +45 3
+5 * 3
+5 * 3
cfi=(22)
cfn=(108)
calls=3 0x2760 -68 
* * 47
+5 * 3
+9 * 50
+3 +6 50
+4 -1 50
+4 +1 50
-8 * 3
+4 -1 3
+4 +1 3
+2 +2 3
+3 * 3
+4 +3 3
+3 +3 3
+7 +4 3
+4 * 3
+3 * 3
+1 * 3
+1 * 3
+2 * 3
+2 * 3
+2 * 3
+2 * 3
-17 * 1
+4 * 1
+3 * 1
+1 * 1
+1 * 1
+2 * 1
+2 * 1
+2 * 1
+2 * 1
+9 131 4
+10 * 4
+6 * 3
+3 -12 3
+8 * 3
+21 * 3
+7 +49 3
+7 * 3
+3 * 3
+31 -15 1
+2 +7 1
+3 * 1
+6 * 1
+3 * 1
+66 -96 1
+5 * 1
+41 +2 1
+4 * 1
+2 * 1
+2 +1 1
+3 * 1
+2 * 1
+6 * 1
+5 * 1
+5 * 1
+3 +10 1
+6 -6 1
+7 * 1

fn=(60)
0x100f0 31 4
+4 * 4
+2 * 4
+3 * 4
+1 +2 4
+7 -2 4
+1 * 4
+3 +2 4
+7 * 4
cfi=(2)
cfn=(62)
calls=4 0x1ef60 850 
* * 12
+6 +2 4
+4 * 4
+4 * 4
+5 * 4
+3 * 4
+3 * 4
+2 * 1
+9 * 6
+3 +3 6
+4 * 6
+3 * 6
-7 * 3
+4 * 3
+3 * 3
+2 +2 3
+5 +2 3
+4 +4 3
+4 +4 3
+7 -4 3
+4 +5 3
+1 -5 3
+5 +1 3
+7 +4 3
+1 -4 3
+8 +1 3
+4 +3 3
+2 -3 3
+7 +2 3
cfi=(2)
cfn=(64)
calls=3 0x1ef70 856 
* * 9
-50 -4 1
+4 +4 1
+7 -4 1
+4 +5 1
+1 -5 1
+5 +1 1
+7 +4 1
+1 -4 1
+8 +1 1
+4 +3 1
+2 -3 1
+7 +2 1
cfi=(2)
cfn=(64)
calls=1 0x1ef70 856 
* * 3
+9 -5 1
+3 * 1

fl=(31)
fn=(88)
0x1ce50 51 11
+4 * 11
+1 * 11
+3 -25 11
+3 * 11
+3 * 11
-6 * 3
+3 * 3
+3 * 3
+2 +4 12
+4 * 12
+3 * 12
+3 +4 12
cfn=(90) _dl_hwcaps_split.part.1
calls=12 0x1cd00 -10 
* * 567
+5 +20 12
+2 * 12
+2 +2 9
+3 +1 9
+2 * 9
+2 * 9
+3 +1 9
+2 * 9
+2 * 6
+4 * 6
+4 * 6
+3 * 6
cfn=(94) _dl_hwcaps_contains
calls=6 0x1cdb0 +8 
* * 30
+5 * 6
+2 * 6
+2 +4 6
+1 * 6
+10 -7 5
+2 +7 5
+1 * 5

fn=(90)
0x1cd00 24 12
+1 * 12
+1 * 12
+4 +10 12
+3 * 12
+3 * 12
+3 * 12
+2 * 6
+4 * 6
+3 +1 6
+3 * 6
+3 -1 6
+4 * 6
+4 * 6
+3 * 6
+2 +3 12
+2 -1 12
+2 * 12
+2 * 9
+3 +5 9
+5 * 9
+3 * 9
cfi=(32)
cfn=(92)
calls=9 0x2d80 -18 
* * 216
+5 +1 9
+3 * 9
+2 +3 6
+3 * 6
+4 +1 6
+5 +1 6
+4 * 6
+1 * 6
+1 * 6
-6 * 3
+4 * 3
+1 * 3
+1 * 3
+8 -4 3
+3 * 3
cfi=(17)
cfn=(40)
calls=3 0x4400 -2 
* * 51
+5 * 3
+4 +4 3
+4 -1 3
+5 +1 3
+1 * 3
+1 * 3

fn=(94)
0x1cdb0 66 6
+4 +1 6
+3 * 6
0x1ce40 +1 6
+5 +9 6

fn=(98)
0x1cd80 25 1
+4 +1 1
+3 * 1
+3 * 1
+22 +21 1
+2 * 1

fl=(74)
fn=(418) check_match
0xefd0 31 1
+2 +2 1
+3 -2 1
+2 +2 1
+4 -2 1
+2 * 1
+1 * 1
+1 +1 1
+4 +1 1
+4 * 1
+4 +2 1
+4 * 1
+3 +1 1
+5 * 1
+2 +12 1
+6 * 1
+4 * 1
+2 * 1
+3 +3 1
+4 +2 1
+2 * 1
+3 * 1
+2 * 1
+4 * 1
+3 * 1
cfi=(24)
cfn=(68)
calls=1 0x2fb0 +56 
* * 66
+5 * 1
+2 * 1
+2 +4 1
+7 * 1
+5 +1 1
+5 * 1
+4 * 1
+7 * 1
+4 * 1
+3 * 1
+2 +1 1
+3 * 1
+3 * 1
cfi=(24)
cfn=(68)
calls=1 0x2fb0 +50 
* * 25
+5 +2 1
+2 * 1
+5 * 1
+4 +3 1
+3 * 1
+1 * 1
+1 * 1
+2 * 1
+2 * 1
+2 * 1

fn=(416)
0xf090 74 1
+4 * 1
+2 * 1
+3 * 1
+2 * 1
+3 * 1
+2 * 1
+2 * 1
+3 * 1
+1 * 1
+1 * 1
+4 * 1
+6 * 1
+4 +1 1
+7 +1 1
+3 * 1
+2 +2 1
+2 * 1
+3 * 1
+2 +37 1
+2 -37 1
+2 * 1
+7 * 1
+3 +1 1
+2 * 1
+2 +2 1
+7 * 1
+5 * 1
+4 * 1
+6 +3 1
+2 * 1
+2 * 1
+3 * 1
+2 * 1
+2 +2 1
+3 +1 1
+4 -1 1
+5 +1 1
+3 -1 1
+4 +1 1
+3 * 1
+3 * 1
cfn=(418)
calls=1 0xefd0 -56 
* * 139
+5 * 1
+3 +3 1
+3 * 1
+13 +26 1
+4 * 1
+3 * 1
+1 * 1
+1 * 1
+2 * 1
+2 * 1
+2 * 1
+2 * 1

fl=(56)
fn=(190)
0x24cd0 25 4
+4 +1 4
+5 * 4
+2 * 4
+6 * 4
+2 +1 4

fl=(22)
fn=(108)
0x2760 177 61
+4 +1 61
+3 +1 61
+3 +1 61
+13 +17 61
+4 +1 61
+2 +1 10
+4 +1 10
+2 +5 9
+3 +1 9
+5 +1 9
+3 +1 9
+5 +3 9
+1 358 51
+3 +1 51
+2 +1 13
+3 +1 13
+2 +1 6
+3 +1 6
+2 +1 4
+7 +4 4
+1 +21 38
+5 +1 38
+3 +1 38
+5 +1 38
+3 +1 38
+1 +3 7
+4 +1 7
+2 +1 7
+4 +1 7
+2 +1 7
+1 +3 2
+5 +1 2
+3 +1 2
+5 +1 2
+3 +1 2
+1 +10 1
+7 +1 1
+2 +1 1
+4 +1 1
+73 +21 1
+3 +1 1
+4 +1 1
+5 +1 1
+5 +1 1
+3 +1 1
+4 +1 1
+5 +1 1
+5 +1 1

fn=(58)
0x2770 190 23
+4 +1 23
+3 +6 23
+4 +1 23
+2 +1 15
+4 +1 15
+2 +5 9
+3 +1 9
+5 +1 9
+3 +1 9
+5 +3 9
+1 358 8
+3 +1 8
+2 +1 1
+3 +1 1
+2 +1 1
+3 +1 1
+2 +1 1
+2 +1 1
+3 +1 1
+2 +2 1
+1 +21 7
+5 +1 7
+3 +1 7
+5 +1 7
+3 +1 7
+31 +24 6
+7 +1 6
+2 +1 6
+4 +1 6
+73 +21 6
+3 +1 6
+4 +1 6
+5 +1 6
+5 +1 6
+3 +1 6
+4 +1 6
+5 +1 6
+5 +1 6

fl=(80)
fn=(514)
0x14760 45 12
+4 * 12
+2 * 12
+2 * 12
+1 +9 12
+2 -9 12
+1 * 12
fi=(92) /usr/src/debug/glibc-2.28-251.el8_10.25.x86_64/elf/../sysdeps/x86_64/dl-runtime.h
+3 -17 12
fe=(80)
+5 +17 12
+4 +3 12
+4 * 12
+4 +5 12
+7 +1 12
+4 * 12
+4 -7 12
+4 +8 12
+4 +2 12
+3 -2 12
+4 * 12
+3 * 12
+4 * 12
+4 * 12
+4 +2 12
+3 -2 12
+4 +2 12
+3 +5 12
+3 * 12
+6 +4 12
+4 * 12
+6 +4 12
+7 * 12
+3 * 12
+2 +4 11
+4 * 11
+4 +1 11
+6 * 11
+4 * 11
+7 * 11
+4 -7 11
+5 * 11
+4 * 11
+3 * 11
+4 +16 11
+8 -1 11
+5 +1 11
+2 * 11
-15 * 1
+8 -1 1
+5 +1 1
+2 * 1
+6 +10 12
+3 * 12
+2 * 12
+2 * 12
+6 * 12
+1 * 12
+7 * 12
+3 * 12
+3 * 12
cfi=(7)
cfn=(262)
calls=12 0xe000 852 
* * 6756
+5 * 12
+3 +4 12
+8 * 12
+1 * 12
+1 * 12
+2 * 12
+6 +10 12
+4 * 12
+3 * 12
+6 * 12
+5 * 12
+2 * 12
+3 * 12
+2 * 12
+4 * 12
+4 * 12
+5 +15 12
+4 * 12
+3 * 12
+2 * 12
+6 +9 12
+7 * 12
+3 * 12
+20 +26 12
+6 * 12
+2 * 12
fi=(5)
+2 +81 12
fe=(80)
+4 -77 12
+4 * 12
+1 * 12
+1 * 12
+2 * 12
+2 * 12
+65 -13 12
+5 * 12
fi=(89) /usr/src/debug/glibc-2.28-251.el8_10.25.x86_64/elf/../sysdeps/x86_64/dl-irel.h
0x14990 32 1
cob=(3)
cfi=(69)
cfn=(318)
calls=1 0xa0e00 -32 
* * 22
fe=(80)
+2 +92 1
+5 * 1

fl=(90) /usr/src/debug/glibc-2.28-251.el8_10.25.x86_64/elf/dl-fini.c
fn=(810) _dl_fini
0x8cd0 30 1
+4 * 1
+1 * 1
+3 * 1
+2 * 1
+2 * 1
+2 * 1
+2 * 1
+1 * 1
+4 +20 1
+7 * 1
+4 * 1
+6 -3 1
+7 * 1
+4 * 1
+7 * 1
+4 * 1
+4 * 1
+21 +3 1
+4 * 1
+7 * 1
+4 * 1
+6 +3 1
+7 * 1
cfi=(2)
cfn=(62)
calls=1 0x1ef60 850 
* * 3
+6 +2 1
+4 +3 1
+3 * 1
+2 +2 1
+3 * 1
+7 * 1
+3 * 1
+3 * 1
+3 * 1
+2 +7 1
+5 * 1
+3 -2 1
+4 +2 1
cfi=(40)
cfn=(426)
calls=1 0x19810 -26 
* * 19
+5 +5 1
+3 * 1
+3 * 1
+8 * 1
+4 * 1
+4 * 1
+3 * 1
+7 * 1
+3 * 1
+3 * 1
+3 * 1
+23 * 1
+5 * 1
+6 +5 1
+3 -5 1
+3 +5 1
+3 * 1
+3 * 1
+20 +2 5
+4 * 5
+2 +2 5
+3 * 5
+6 +2 5
+3 * 5
+5 +1 5
+7 +1 5
+4 +4 5
+7 -12 5
+4 * 5
+3 * 5
+2 +14 1
+3 * 1
+3 * 1
+3 * 1
+2 * 1
+2 * 1
+6 +1 1
+3 * 1
+3 * 1
+2 * 1
+19 +6 1
+3 * 1
+3 * 1
+5 * 1
+3 * 1
+4 * 1
cfi=(11)
cfn=(226)
calls=1 0x14f10 312 
* * 401
+5 +9 1
+7 * 1
cfi=(2)
cfn=(64)
calls=1 0x1ef70 856 
* * 3
+6 +5 1
+4 * 1
+3 * 1
+6 * 1
+4 * 1
+5 * 1
+4 * 1
+1 +2 1
+4 +2 1
+8 * 1
+2 * 1
-14 -2 4
+4 +2 4
+8 * 4
+2 * 4
+6 +3 5
+3 * 5
+7 +3 5
+7 * 5
+3 * 5
+6 +4 3
+7 * 3
+6 +11 3
+4 +1 3
+7 -1 3
+3 +2 3
+4 -2 3
+3 +2 3
+4 -2 3
+4 +3 3
+3 * 3
+4 * 3
+2 * 3
+10 +1 3
cob=(4)
cfi=(70)
cfn=(852)
calls=1 0xc590 0 
* * 95
cob=(5)
cfi=(76)
cfn=(826) 0x0000000000000690
calls=1 0x690 0 
* * 827
cob=(6)
cfi=(77)
cfn=(812) 0x0000000000400db0
calls=1 0x400db0 0 
* * 14
+3 -1 3
+4 * 3
+4 * 3
+2 * 3
+7 +5 3
+3 * 3
+2 +1 3
+4 * 3
+3 * 3
cob=(2)
cfi=(42)
cfn=(868)
calls=1 0x4cdf80c 0 
* * 4
cob=(2)
cfi=(42)
cfn=(850)
calls=1 0x4a3284c 0 
* * 4
cob=(2)
cfi=(42)
cfn=(822)
calls=1 0x405c94 0 
* * 4
+2 +6 5
+3 * 5
cfi=(40)
cfn=(824)
calls=5 0x199b0 -55 
* * 25
+5 +5 5
+8 -45 5
+4 * 5
+4 * 5
+6 +49 1
+2 * 1
+3 * 1
cfi=(40)
cfn=(426)
calls=1 0x19810 41 
* * 19
+5 * 1
+4 * 1
+7 -38 2
+7 * 2
+3 * 2
+70 +44 1
+3 * 1
+2 * 1
+2 * 1
+6 * 1
+2 * 1
+2 +6 1
+7 * 1
+2 +7 1
+4 * 1
+1 * 1
+2 * 1
+2 * 1
+2 * 1
+2 * 1
+1 * 1
+27 72 1
+3 * 1
+6 * 1

fl=(8)
fn=(424)
0x1e5c0 262 1
+4 +1 1

fn=(14)
0x1e230 88 1
+4 * 1
+2 * 1
+2 * 1
+2 * 1
+2 * 1
+3 * 1
+1 * 1
+1 * 1
+4 +25 1
+3 -1 1
+7 +1 1
+4 * 1
+7 * 1
+6 * 1
+2 * 1
+5 * 1
+7 * 1
+4 * 1
+3 * 1
+2 * 74
+4 * 74
+4 * 74
+2 * 1
+4 +6 1
+4 -3 1
+7 +1 1
+11 -4 1
+7 +3 1
+5 +3 1
+3 * 1
+6 * 1
+5 * 1
+3 * 1
+3 * 1
+3 * 1
+5 * 1
+3 * 1
+3 -29 1
+2 * 1
+7 +29 1
+5 +1 1
+7 -1 1
+5 * 1
+7 * 1
+5 * 1
+7 * 1
+5 * 1
+7 * 1
+5 * 1
+7 * 1
+5 * 1
+5 * 1
+7 * 1
+5 * 1
+6 * 1
+4 * 1
+7 * 1
+4 -30 1
+2 * 1
+5 +31 1
+4 * 1
+4 * 1
-8 * 19
+4 * 19
+4 * 19
+2 * 17
+4 * 17
+3 * 17
+31 -1 20
+4 * 20
+3 * 20
+3 * 20
+2 * 1
+3 * 1
+2 * 1
+7 * 1
+3 * 1
+2 * 1
+5 * 1
+3 * 1
+2 * 1
+7 * 1
+3 * 1
+2 * 1
+7 * 1
+5 * 1
+2 * 1
+4 * 1
+7 * 1
+5 * 1
+14 * 1
+5 * 1
+2 * 1
+4 * 1
+6 * 1
+5 * 1
+14 * 1
+5 * 1
+14 * 1
+5 * 1
+6 * 1
+5 * 1
+7 * 1
+35 +62 1
+4 +1 1
+5 -1 1
+5 +1 1
+10 -29 1
+4 +1 1
+6 * 1
+38 +11 1
+3 +1 1
+5 -1 1
+4 +1 1
+12 -7 1
+4 +1 1
+5 -1 1
+4 +1 1
+11 -4 1
+4 +1 1
+6 * 1
+14 -25 1
+4 +1 1
+6 * 1
+6 -4 1
+4 +1 1
+6 * 1
+6 -7 1
+4 +1 1
+12 +2 1
+3 +1 1
+17 +97 1
cfi=(9)
cfn=(16)
calls=1 0x17b20 +65 
* * 36178
+5 +3 1
cfi=(11)
cfn=(20) _dl_sort_maps_init
calls=1 0x14ee0 +76 
* * 32
fi=(12)
+5 36 1
+2 * 1
cfi=(13)
cfn=(26)
calls=1 0x23fb0 -8 
* * 10
fi=(5)
+5 225 1
cfi=(14)
cfn=(30) _dl_x86_init_cpu_features
calls=1 0x19300 36 
* * 562
fe=(8)
+5 +13 1
+7 * 1
+3 * 1
+2 +1 1
cfi=(17)
cfn=(40)
calls=1 0x4400 41 
* * 17
+5 * 1
+7 +2 1
+2 * 1
cfi=(18)
cfn=(42)
calls=1 0x24000 32 
* * 18
+5 * 1
+7 * 1
+3 * 1
+2 +12 1
+6 * 1
+2 * 1
+2 +3 1
+5 * 1
+2 * 1
+3 * 1
+7 * 1
cfi=(2)
cfn=(44)
calls=1 0x202c0 1193 
* * 143886
+3 +2 1
+5 * 1
+4 * 1
+1 * 1
+1 * 1
+2 * 1
+2 * 1
+2 * 1
+2 * 1

fl=(64)
fn=(222)
0x24ef0 30 3
+4 +4 3
+3 -4 3
+2 +4 3
+3 -4 3
+1 +1 3
+3 * 3
+4 +4 3
+4 -5 3
+1 * 3
+3 +5 3
+7 +11 3
+5 -1 3
+4 * 3
+46 +18 3
+1 * 3
+1 * 3
+2 * 3

fl=(14)
fn=(412)
0x192d0 42 1
+4 -4 1
+6 * 1
+2 * 1
+2 +4 1
+2 * 1

fn=(30)
0x19300 36 1
+4 +2 1
+6 * 1
+2 * 1
+4 +1 1
cfi=(15)
cfn=(32)
calls=1 0x18aa0 386 
* * 557

fl=(38)
fn=(128)
0x73a0 46 5
+4 +3 5
+3 * 5
+29 +5 4
+3 * 4
+8 +5 1
+4 -1 1
+4 +1 1
+4 * 1
+7 * 1
+4 +1 1
+7 * 1
+4 -1 1
+4 +5 1
+11 -14 5
+7 +4 5
+5 * 5
+2 +3 1
+6 +1 1
+3 * 1
+25 * 4

fn=(132)
0x7390 73 2
+4 +1 2

fl=(39)
fn=(352)
0x163c0 1136 1
+4 +1 1
+8 * 1
+2 * 1
+7 * 1
+2 -1 1
+2 * 1
+3 * 1
+2 * 1
+3 * 1
+1 * 1
+1 * 1
+4 +9 1
+7 +3 1
+7 +1 1
+26 +4 1
+4 * 1
+3 * 1
+2 +45 1
+5 -9 1
+3 * 1
+24 +3 1
+4 * 1
+4 * 1
+5 +1 1
+7 * 1
+4 * 1
+5 +5 1
+3 -3 1
+9 +4 1
+4 * 1
+1 * 1
+1 * 1
+2 * 1
+2 * 1

fn=(402)
0x15ca0 571 1
+4 * 1
+2 * 1
+2 * 1
+2 * 1
+2 * 1
+1 * 1
+1 * 1
+4 * 1
+5 * 1
+5 +1 1
+3 * 1
+6 +4 1
+4 +6 1
+7 -6 1
+3 * 1
+4 +6 1
cfi=(2)
cfn=(62)
calls=1 0x1ef60 850 
* * 3
+6 +3 1
+7 * 1
+4 * 1
+6 +12 1
+7 -18 1
+3 -1 1
+3 * 1
+5 +24 1
+2 * 1
+3 * 1
+4 * 1
+4 * 1
+3 * 1
+6 +6 1
+3 * 1
+79 * 1
+3 * 1
+6 +3 1
+3 * 1
+4 * 1
+5 +1 1
+3 * 1
+2 +6 1
+5 * 1
+7 * 1
+6 +3 1
+7 -2 1
+3 +6 1
+7 -6 1
+4 +2 1
+3 +4 1
+4 -4 1
+4 * 1
+4 * 1
+7 +1 1
+8 +2 1
+4 * 1
+2 +4 1
+3 * 1
+6 +1 1
+7 * 1
+7 * 1
+3 * 1
+6 +2 1
+3 * 1
+6 +1 1
+5 * 1
+3 +19 1
+5 -10 1
+3 +10 1
+6 +2 1
+7 * 1
+3 * 1
+5 * 1
cfi=(22)
cfn=(108)
calls=1 0x2760 177 
* * 13
+5 * 1
+5 * 1
+2 * 1
+3 * 1
+3 * 1
+3 * 1
cfi=(55)
cfn=(186)
calls=1 0x29a0 169 
* * 35
+5 +3 1
+5 * 1
+2 +1 1
+7 -55 1
+4 * 1
+7 * 1
+4 * 1
+3 * 1
+59 +65 1
+7 * 1
cfi=(2)
cfn=(64)
calls=1 0x1ef70 856 
* * 3
+6 +3 1
+4 * 1
+3 +3 1
+5 * 1
+4 * 1
+1 * 1
+1 * 1
+2 * 1
+2 * 1
+2 * 1
+2 * 1

fn=(246) allocate_dtv
0x15490 387 1
fi=(21)
+1 44 1
fe=(39)
+5 387 1
+1 * 1
+3 * 1
+4 +5 1
+7 +4 1
+4 +1 1
fi=(21)
+4 44 1
cfi=(6)
cfn=(50)
calls=1 0x1ceb0 171 
* * 28
fe=(39)
+6 398 1
+3 * 1
+2 +3 1
+3 +6 1
+4 * 1
+4 * 1
+3 +6 1
+4 * 1
+1 * 1
+1 * 1

fn=(242)
0x15a00 243 1
+4 * 1
+2 * 1
+2 * 1
+1 * 1
+1 * 1
+4 +6 1
+7 * 1
+3 * 1
+6 +3 1
+5 * 1
+6 +36 1
+4 * 1
+3 * 1
+6 +2 1
+4 * 1
+6 -2 1
+3 -2 1
+3 -40 1
+2 -1 1
+2 -1 1
+6 * 1
+8 +69 1
+5 * 1
+2 +3 1
+3 -3 1
+3 +3 1
+3 -3 1
+3 * 1
+3 * 1
+4 * 1
+3 +2 1
+3 * 1
+11 +10 1
+7 -12 1
+3 -25 1
+4 * 1
+3 * 1
+4 * 1
+5 * 1
+3 * 1
+11 +5 1
+7 -1 1
+7 +5 1
+3 * 1
+7 -5 1
+3 +1 1
+4 -1 1
+3 +3 1
+3 * 1
+4 +2 1
+3 * 1
+3 * 1
+59 +32 1
+7 * 1
+2 -1 1
+7 +53 1
+7 -52 1
+5 * 1
+3 * 1
+3 * 1
+4 +2 1
+6 * 1
+7 +51 1
+4 * 1
+1 * 1
+1 * 1
+2 * 1
+2 * 1

fn=(244)
0x15bd0 443 1
+4 * 1
+2 * 1
+1 * 1
+1 * 1
+4 +2 1
+7 +11 1
+7 84 1
+8 460 1
fi=(21)
+5 56 1
cfi=(6)
cfn=(54)
calls=1 0x1cef0 +72 
* * 80
fe=(39)
+6 461 1
+3 * 1
+6 * 1
+3 +11 1
+2 * 1
+5 * 1
+3 * 1
+4 +1 1
+8 +4 1
+2 * 1
+4 * 1
+3 * 1
+7 * 1
+11 * 1
+4 * 1
+3 * 1
+6 * 1
+3 * 1
* * 287
+3 +19 1
+7 +2 1
+3 * 1
cfn=(246)
calls=1 0x15490 387 
* * 47
+5 +1 1
+3 * 1
+2 90 1
+8 504 1
+4 * 1
+1 * 1
+1 * 1
+2 * 1

fn=(248)
0x16360 1098 1
+4 +1 1
+7 +2 1
+3 * 1
+3 * 1
+2 +2 1
+4 +1 1
+3 * 1
+2 +3 1
+7 -6 1
+5 +6 1
+8 -4 1
+3 * 1
+4 * 1
+5 +1 1
+3 * 1
+11 -3 1
+4 * 1
+3 * 1
+2 +9 1
+7 +1 1

fn=(240)
0x157e0 118 1
+4 * 1
+2 +4 1
+2 -4 1
+1 * 1
+3 +4 1
+2 -4 1
+1 * 1
+4 +4 1
+5 * 1
+3 * 1
cfi=(9)
cfn=(22)
calls=1 0x181d0 412 
* * 23
+5 * 1
+5 +1 1
+2 * 1
+3 * 1
+5 * 1
cfi=(9)
cfn=(22)
calls=1 0x181d0 412 
* * 23
+5 * 1
+5 * 1
+4 * 1
+5 +6 1
+4 +2 1
+3 * 1
+3 * 1
+2 +3 1
+3 +2 1
+7 -32 1
+4 * 1
+3 * 1
+3 +34 1
+7 * 1
+2 * 1
+7 +1 1
+4 * 1
+1 * 1
+1 * 1
+2 * 1

fn=(218)
0x15870 152 1
+4 * 1
+4 +3 1
+7 * 1
+7 * 1
+2 +53 1
+4 +2 1
+7 +3 1
+7 +1 1
+4 * 1

fn=(130)
0x15990 219 1
+4 +2 1
+7 * 1
+2 +1 1
+7 * 1

fl=(45)
fn=(158)
0xfea0 340 36
+4 * 36
+1 * 36
+3 * 36
+1 * 36
+3 * 36
+4 +1 36
+4 * 36
cfi=(24)
cfn=(68)
calls=36 0x2fb0 109 
* * 1109
+5 +1 36
+5 -1 36
+2 * 36
+2 +3 36
+4 +2 36
+3 * 36
+7 +4 37
+4 -4 37
+3 * 37
+2 +1 44
+3 * 44
+3 * 44
cfi=(24)
cfn=(68)
calls=44 0x2fb0 109 
* * 1592
+5 * 44
+2 * 44
+2 -5 7
+5 +11 7
+4 * 7
+2 * 7
+1 * 7
+1 * 7
+11 * 29
+4 -1 29
+2 +1 29
+2 * 29
+1 * 29
+1 * 29

fn=(206)
0xf9f0 44 1
+4 * 1
+2 +3 1
+2 -3 1
+3 * 1
+2 * 1
+3 +3 1
+5 -3 1
+1 * 1
+7 * 1
+1 * 1
+7 +3 1
cfi=(46)
cfn=(162)
calls=1 0x24da0 -13 
* * 17
+5 +1 1
+2 * 1
+2 +23 1
+7 * 1
+3 * 1
+1 * 1
+1 * 1
+2 * 1
+2 * 1
+2 -21 1
+3 * 1
+2 * 1
+5 * 1
+2 * 1
cfi=(50)
cfn=(174)
calls=1 0x24be0 -17 
* * 11
+5 * 1
+2 * 1
+2 +2 1
+5 * 1
+4 +3 1
+3 * 1
+9 +13 1
+2 * 1
cfi=(56)
cfn=(190)
calls=1 0x24cd0 -43 
* * 6
+5 * 1
+7 -11 1
+3 * 1
+3 * 1
+5 * 1
+3 * 1
+2 * 1
cfi=(51)
cfn=(176)
calls=1 0x24fa0 -16 
* * 36
+5 * 1
+3 * 1

fl=(53)
fn=(182)
0x1ee0 78 8
+4 * 8
+5 * 8
+2 * 8
+6 * 8
+2 +1 8

fn=(430)
0x1eb0 78 1
+4 * 1
+5 * 1
+2 * 1
+6 * 1
+2 +1 1

fl=(11)
fn=(226)
0x14f10 312 2
+4 * 2
+1 * 2
+3 * 2
+2 * 2
+2 * 2
+2 * 2
+3 * 2
+2 * 2
+3 * 2
+1 * 2
+2 * 2
+7 +8 2
+7 -8 2
+3 +8 2
+3 * 2
0x15118 -52 2
+4 * 2
+4 * 2
+3 * 2
cfi=(22)
cfn=(58)
calls=2 0x2770 -78 
* * 38
+5 +13 2
+2 * 2
+2 * 2
+5 * 2
+4 * 2
+2 * 2
+57 +7 2
+4 +36 2
+4 * 2
+1 * 2
+2 * 2
+2 * 2
+2 * 2
+2 * 2
+1 * 2
0x152d8 187 2
+3 +1 2
+3 -1 2
+3 +1 2
+8 * 2
+4 * 2
+4 * 2
+6 * 2
+3 * 2
+3 * 2
+3 +1 2
+4 * 2
+4 * 2
+7 -1 2
+2 * 2
-17 +1 8
+4 * 8
+4 * 8
+7 -1 8
+2 * 8
+2 +28 2
+4 * 2
+3 * 2
+4 * 2
+4 * 2
+4 * 2
+4 * 2
+3 * 2
+7 * 2
+3 * 2
+3 * 2
+3 * 2
+23 * 2
+5 * 2
+2 * 2
+3 * 2
+6 +5 2
+4 -5 2
+3 +8 2
+2 * 2
+4 -8 2
+4 +5 2
+3 +3 2
+3 * 2
+4 -3 2
+4 +2 2
+4 -2 2
+4 +3 2
+5 * 2
+4 * 2
+12 +2 8
+4 * 8
+2 * 8
+6 +2 10
+4 * 10
+3 * 10
+3 * 10
cfn=(228) dfs_traversal
calls=10 0x14df0 -83 
* * 425
+5 +3 10
+4 * 10
+2 * 2
+4 +18 2
+4 * 2

fn=(228)
0x14df0 145 10
+7 * 10
+2 * 10
+6 -3 10
+2 +6 10
+3 * 10
+3 -6 10
+2 * 10
+3 * 10
+1 * 10
+1 * 10
+3 * 10
+4 +6 10
+6 +2 10
+7 * 10
+3 * 10
+2 +2 7
+3 * 7
+3 * 7
+2 * 7
+5 +3 7
+9 * 7
-9 * 10
+9 * 10
+2 -3 17
+4 * 17
+4 * 17
+3 * 17
+2 +9 10
+3 * 10
+2 +15 10
+4 * 10
+4 * 10
+4 +1 10
+4 +1 10
+4 * 10
+1 * 10
+1 * 10
+2 * 10
+2 * 10
+37 -17 5
+7 * 5
+3 * 5

fn=(20)
0x14ee0 303 1
+4 * 1
+4 +1 1
+2 * 1
+5 * 1
+5 * 1
cfi=(9)
cfn=(22)
calls=1 0x181d0 412 
* * 20
+5 +2 1
+2 * 1
+5 * 1
+3 -1 1
+6 +2 1
+4 * 1

ob=(3)
fl=(69)
fn=(500) __sigjmp_save
0x4e210 0 1
+4 0 1
+1 0 1
+3 0 1
+2 0 1
+2 0 1
+3 0 1
+2 0 1
+1 0 1

fn=(528) __fopen_internal
0x86170 0 1
+4 0 1
+2 0 1
+3 0 1
+2 0 1
+3 0 1
+2 0 1
+3 0 1
+5 0 1
+1 0 1
+1 0 1
cob=(2)
cfi=(42)
cfn=(530)
calls=1 0x4fd7990 0 
* 0 75011
+5 0 1
+3 0 1
+6 0 1
+3 0 1
+7 0 1
+2 0 1
+2 0 1
+7 0 1
+7 0 1
+3 0 1
+3 0 1
+7 0 1
cfn=(562) _IO_no_init
calls=1 0x93e00 0 
* 0 62
+5 0 1
+7 0 1
+3 0 1
+7 0 1
cfn=(566) _IO_new_file_init_internal
calls=1 0x91cd0 0 
* 0 96
+5 0 1
+3 0 1
+3 0 1
+3 0 1
+3 0 1
cfn=(570) _IO_file_fopen@@GLIBC_2.2.5
calls=1 0x92080 0 
* 0 210
+5 0 1
+3 0 1
+2 0 1
+4 0 1
+54 0 1
+1 0 1
+3 0 1
+1 0 1
+2 0 1
+2 0 1
+2 0 1

fn=(540) _dl_addr
0x178c50 0 1
+4 0 1
+2 0 1
+2 0 1
+3 0 1
+2 0 1
+3 0 1
+2 0 1
+3 0 1
+1 0 1
+1 0 1
+2 0 1
+4 0 1
+7 0 1
+5 0 1
+7 0 1
cob=(1)
cfi=(2)
cfn=(62)
calls=1 0x1ef60 850 
* 0 3
+7 0 1
+3 0 1
cob=(2)
cfi=(42)
cfn=(542)
calls=1 0x4fd7b00 0 
* 0 53
+5 0 1
+3 0 1
+6 0 1
+3 0 1
+4 0 1
+7 0 1
+4 0 1
+4 0 1
+3 0 1
+6 0 1
+4 0 1
+7 0 1
+4 0 1
+4 0 1
+4 0 1
+5 0 1
+7 0 1
+3 0 1
+4 0 1
+3 0 1
+6 0 1
+7 0 1
+2 0 1
+6 0 1
+7 0 1
+3 0 1
+2 0 1
+4 0 1
+4 0 1
+3 0 1011
+3 0 1011
+3 0 1011
+6 0 1010
+4 0 1010
+2 0 1010
+2 0 1010
-4 0 1
+2 0 1
+2 0 1
+2 0 920
+7 0 920
+4 0 920
+14 0 2329
+5 0 2329
+4 0 2329
+4 0 2329
+2 0 2325
+4 0 2325
+3 0 2325
+3 0 2325
+3 0 2325
+2 0 868
+3 0 868
+6 0 868
+4 0 868
+3 0 868
+19 0 2358
+4 0 2358
+4 0 2358
+2 0 2358
+3 0 2358
+3 0 2358
+4 0 2358
+2 0 2358
+4 0 2358
+4 0 2358
+4 0 2358
+3 0 2358
+2 0 2358
+4 0 2358
+2 0 2329
+11 0 1
+3 0 1
+2 0 1
+3 0 1
+5 0 1
+3 0 1
+5 0 1
+3 0 1
+45 0 1
+7 0 1
cob=(1)
cfi=(2)
cfn=(64)
calls=1 0x1ef70 856 
* 0 3
+7 0 1
+4 0 1
+2 0 1
+1 0 1
+1 0 1
+2 0 1
+2 0 1
+2 0 1
+2 0 1
0x178ed9 0 868
+3 0 868
+3 0 868
+41 0 1
+8 0 1
+5 0 1
+8 0 1

fn=(562)
0x93e00 0 1
+4 0 1
+2 0 1
+3 0 1
+2 0 1
+3 0 1
+1 0 1
+3 0 1
+1 0 1
+3 0 1
+4 0 1
cfn=(564) _IO_old_init
calls=1 0x93d40 0 
* 0 28
+5 0 1
+7 0 1
+3 0 1
+6 0 1
+7 0 1
+8 0 1
+8 0 1
+8 0 1
+7 0 1
+8 0 1
+8 0 1
+8 0 1
+8 0 1
+8 0 1
+8 0 1
+8 0 1
+7 0 1
+11 0 1
+4 0 1
+1 0 1
+1 0 1
+2 0 1
+2 0 1

fn=(568) _IO_link_in
0x92e80 0 2
+4 0 2
+1 0 2
+1 0 2
+4 0 2
+9 0 2
+5 0 2
+2 0 2
+2 0 2
+2 0 2
+6 0 1
+6 0 1
+2 0 1
+3 0 1
+2 0 1
+2 0 1
+6 0 1
+9 0 1
+7 0 1
+4 0 1
+9 0 1
+7 0 1
+2 0 1
+5 0 1
+2 0 1
+7 0 1
+14 0 1
+7 0 1
+28 0 1
+7 0 1
+6 0 1
+2 0 1
+7 0 1
+3 0 1
+6 0 1
+5 0 1
+6 0 1
+7 0 1
+9 0 1
+4 0 1
+6 0 1
+5 0 1
+7 0 1
+11 0 1
+4 0 1
+24 0 1
+7 0 1
+2 0 1
+4 0 1
+7 0 1
+5 0 1
+4 0 1
+7 0 1
+3 0 1
+2 0 1
+5 0 1
+6 0 1
+2 0 1
+8 0 1
+7 0 1
+10 0 1
+3 0 1
+24 0 1
+6 0 1
+29 0 1
+11 0 1
+3 0 1
+6 0 1
+2 0 1
+11 0 1
+7 0 1
+13 0 1
+6 0 1
+28 0 1
+2 0 1
+29 0 2
+5 0 2
+9 0 2
+2 0 2
+4 0 2
+1 0 2
+1 0 2

fn=(600)
0xa8400 0 173748
+4 0 173748
+4 0 173748
+3 0 173748
+4 0 173748
+6 0 173748
+5 0 173748
+4 0 173748
+18 0 173725
+5 0 173725
+5 0 173725
+3 0 173725
+3 0 173748
+7 0 173748
+2 0 173747
+4 0 173747
+5 0 173747
+3 0 173747
+7 0 173747
+2 0 22
+5 0 22
+5 0 22
+4 0 22
+7 0 22
+2 0 8
+7 0 8
+4 0 8
+4 0 8
+5 0 8
+5 0 8
+5 0 8
+4 0 8
+3 0 8
+2 0 8
+4 0 8
+4 0 8
+5 0 8
+5 0 8
+5 0 8
+3 0 8
-22 0 14
+4 0 14
+5 0 14
+5 0 14
+5 0 14
+3 0 14
+10 0 1
+4 0 1
+3 0 1
+3 0 1
* 0 120440
+2 0 1
+3 0 1
+3 0 1

fn=(622) _IO_file_underflow@@GLIBC_2.2.5
0x925f0 0 15
+4 0 15
+2 0 15
+2 0 15
+6 0 15
+2 0 15
+6 0 15
+4 0 15
+4 0 15
+6 0 15
+2 0 15
+2 0 15
+2 0 15
+1 0 15
+1 0 15
+5 0 15
+3 0 15
+6 0 15
+7 0 15
+7 0 15
+3 0 15
+5 0 15
0x926f0 0 15
+3 0 15
cfn=(634) _IO_switch_to_get_mode
calls=15 0x93390 0 
* 0 375
+5 0 15
+7 0 15
+4 0 15
+3 0 15
+4 0 15
+3 0 15
+4 0 15
+4 0 15
+4 0 15
+4 0 15
+4 0 15
+3 0 15
+6 0 15
+4 0 15
+3 0 15
+3 0 15
cfn=(636) _IO_file_read
calls=15 0x91ac0 0 
* 0 240
+4 0 15
+3 0 15
+2 0 15
+7 0 15
+4 0 15
+4 0 15
+12 0 15
+4 0 15
+1 0 15
+1 0 15
+2 0 15
+3 0 15
+2 0 15
+2 0 15
0x927e8 0 1
+4 0 1
+3 0 1
+13 0 1
+3 0 1
cfn=(624) _IO_doallocbuf
calls=1 0x93790 0 
* 0 323
+5 0 1
+2 0 1

fn=(654) _IO_file_close_it@@GLIBC_2.2.5
0x91d50 0 1
+4 0 1
+2 0 1
+1 0 1
+1 0 1
+3 0 1
+3 0 1
+6 0 1
+2 0 1
+3 0 1
+3 0 1
+5 0 1
+5 0 1
+6 0 1
+3 0 1
+2 0 1
cfn=(656) _IO_unsave_markers
calls=1 0x94bb0 0 
* 0 6
+5 0 1
+4 0 1
+2 0 1
+7 0 1
+7 0 1
+7 0 1
+3 0 1
+3 0 1
+3 0 1
+3 0 1
+6 0 1
+3 0 1
cfn=(658) _IO_file_close
calls=1 0x90770 0 
* 0 9
+6 0 1
+2 0 1
+6 0 1
+2 0 1
+92 0 1
+2 0 1
+2 0 1
+2 0 1
+3 0 1
cfn=(632) _IO_setb
calls=1 0x93720 0 
* 0 146
+5 0 1
+8 0 1
+3 0 1
+8 0 1
+8 0 1
+8 0 1
+8 0 1
+8 0 1
cfn=(650) _IO_un_link
calls=1 0x92e60 0 
* 0 4
+5 0 1
+2 0 1
+6 0 1
+7 0 1
+4 0 1
+11 0 1
+2 0 1
+1 0 1
+1 0 1
+2 0 1

fn=(664)
0x9b950 0 2829677
+4 0 2829677
+1 0 2829677
+4 0 2829677
+7 0 2829677
+3 0 2829677
+3 0 2829677
+6 0 2829677
+3 0 2829677
+2 0 2829677
+4 0 2829677
+4 0 2829677
+2 0 2829677
+2 0 2829676
+7 0 2829676
+5 0 2829676
+6 0 2829676
+7 0 2829676
+2 0 2829676
+14 0 2829676
+4 0 2829676
+2 0 2829676
+1 0 2829676
cfn=(666) _int_free
calls=2829676 0x98380 0 
* 0 246330761
+11 0 1
+6 0 1
+2 0 1
+2 0 1
+7 0 1
+2 0 1
+6 0 1
+2 0 1
+4 0 1
+3 0 1
+1 0 1
cfn=(796) munmap_chunk
calls=1 0x96e90 0 
* 0 39
+37 0 1
+7 0 1
+2 0 1
+7 0 1
+2 0 1
+4 0 1
+4 0 1
+7 0 1
+7 0 1
+1 0 1

fn=(448)
0x3a570 0 1
+4 0 1
+2 0 1
+2 0 1
+3 0 1
+1 0 1
+3 0 1
+1 0 1
+2 0 1
+4 0 1
+7 0 1
+3 0 1
+6 0 1
+2 0 1
+2 0 1
+16 0 1
+6 0 1
+5 0 1
+7 0 1
+5 0 1
+7 0 1
+7 0 1
+3 0 1
+7 0 1
+4 0 1
+10 0 1
+5 0 1
+5 0 1
+4 0 1
+4 0 1
+3 0 1
+3 0 1
+4 0 1
+6 0 1
+3 0 1
+3 0 1
-30 0 3
+4 0 3
+4 0 3
+3 0 3
+3 0 3
+4 0 3
+6 0 3
+3 0 3
+3 0 3
+2 0 3
+4 0 3
+4 0 3
+7 0 1
+7 0 1
+10 0 1
+3 0 1
+7 0 1
+4 0 1
+17 0 1
+5 0 1
+6 0 1
+2 0 1
+3 0 1
+7 0 1
+9 0 1
+3 0 1
cfn=(290) _dl_vdso_vsym
calls=1 0x179e40 0 
* 0 16
+5 0 1
+7 0 1
+3 0 1
+7 0 1
+3 0 1
+4 0 1
+9 0 1
+4 0 1
+7 0 1
cfn=(290)
calls=1 0x179e40 0 
* 0 16
+5 0 1
+3 0 1
+3 0 1
+2 0 1
+9 0 1
+4 0 1
+7 0 1
cfn=(450) __init_misc
calls=1 0x13f190 0 
* 0 49
+5 0 1
+4 0 1
+1 0 1
+1 0 1
+2 0 1
+2 0 1

fn=(274) intel_check_word.isra.0
0xe5620 0 6
+2 0 6
+6 0 6
+7 0 6
+2 0 6
+3 0 6
+2 0 6
+3 0 6
+5 0 6
+2 0 6
+1 0 6
+4 0 6
+1 0 6
+3 0 6
+4 0 6
+3 0 6
+2 0 6
+6 0 6
+7 0 6
+21 0 12
+3 0 12
+6 0 15
+4 0 15
+3 0 15
+2 0 15
+5 0 15
+6 0 12
+3 0 12
+27 0 12
+2 0 12
+6 0 12
+2 0 12
+7 0 66
+3 0 66
+3 0 66
-3 0 15
+3 0 15
+2 0 81
+4 0 81
+3 0 81
+5 0 81
+3 0 81
+2 0 81
+2 0 15
+4 0 15
+45 0 3
+2 0 3
+4 0 3
+1 0 3
+1 0 3
+2 0 3
+2 0 3
-10 0 3
+4 0 3
+1 0 3
+1 0 3
+2 0 3
+2 0 3
+18 0 3
+5 0 3
+2 0 3
+2 0 3
+2 0 3
+3 0 3
+6 0 3
+2 0 3
+6 0 3
+10 0 3
+3 0 3
+2 0 3
+3 0 3
+2 0 5
+3 0 5
+3 0 5
+2 0 5
+2 0 5
+2 0 5
+3 0 5
+6 0 8
+3 0 8
+3 0 8
+3 0 8
+4 0 8
+3 0 8
+2 0 5
+3 0 5
+6 0 2
+3 0 2
+6 0 2
+2 0 2
+2 0 3
+6 0 3
+2 0 3
+79 0 3
+2 0 3
+2 0 3
+3 0 3
+3 0 3
+3 0 3
+6 0 3
+3 0 3
+3 0 3
+3 0 3
+2 0 3
+6 0 3
+3 0 3
+3 0 3
+3 0 3
+14 0 3
+3 0 3
+2 0 2
+3 0 2
+6 0 2
+3 0 2
+2 0 1
+3 0 1
+6 0 1
+3 0 1

fn=(282)
0xa0b20 0 1
+4 0 1
+7 0 1
+6 0 1
+3 0 1
+2 0 1
+6 0 1
+6 0 1
+2 0 1
+2 0 1
+2 0 1
+7 0 1
+3 0 1
+2 0 1
+6 0 1
+7 0 1
+58 0 1

fn=(306)
0xa0670 0 1
+4 0 1
+7 0 1
+7 0 1
+6 0 1
+3 0 1
+2 0 1
+6 0 1
+6 0 1
+2 0 1
+2 0 1
+5 0 1
+3 0 1
+2 0 1
+2 0 1
+6 0 1
+3 0 1
+2 0 1
+3 0 1
+2 0 1
+2 0 1
+7 0 1
+7 0 1
+4 0 1

fn=(312)
0x9f120 0 1
+4 0 1
+7 0 1
+7 0 1
+7 0 1
+7 0 1
+4 0 1

fn=(476) __internal_atexit
0x51000 0 1
+4 0 1
+2 0 1
+2 0 1
+3 0 1
+3 0 1
+2 0 1
+3 0 1
+5 0 1
+1 0 1
+3 0 1
+1 0 1
+4 0 1
+7 0 1
+7 0 1
+10 0 1
+3 0 1
+24 0 1
+3 0 1
cfn=(478) __new_exitfn
calls=1 0x50ee0 0 
* 0 30
+5 0 1
+3 0 1
+2 0 1
+9 0 1
+4 0 1
+4 0 1
+4 0 1
+4 0 1
+7 0 1
+7 0 1
+9 0 1
+2 0 1
+24 0 1
+2 0 1
+4 0 1
+1 0 1
+1 0 1
+2 0 1
+2 0 1

fn=(318)
0xa0e00 0 2
+4 0 2
+7 0 2
+7 0 2
+6 0 2
+3 0 2
+2 0 2
+6 0 2
+6 0 2
+2 0 2
+3 0 2
+2 0 2
+2 0 2
+6 0 2
+6 0 2
+34 0 2
+3 0 2
0xa0f08 0 2
+6 0 2
+7 0 2
+7 0 2
+4 0 2

fn=(320)
0xe78a0 0 1
+4 0 1
+7 0 1
+6 0 1
+2 0 1
+5 0 1
+5 0 1
+35 0 1
+6 0 1
+6 0 1
+2 0 1
+2 0 1
+2 0 1
+7 0 1
+3 0 1
+2 0 1
+6 0 1
+7 0 1
+2 0 1

fn=(422) __ctype_init
0x473b0 0 1
+4 0 1
+7 0 1
+7 0 1
+4 0 1
+3 0 1
+4 0 1
+7 0 1
+4 0 1
+4 0 1
+7 0 1
+7 0 1
+4 0 1
+4 0 1
+7 0 1
+6 0 1
+4 0 1

fn=(498) __sigsetjmp
0x23390 0 1
+4 0 1
+3 0 1
+3 0 1
+9 0 1
+4 0 1
+4 0 1
+4 0 1
+4 0 1
+4 0 1
+4 0 1
+5 0 1
+9 0 1
+4 0 1
+4 0 1
+4 0 1
+1 0 1
+9 0 1
+4 0 1
+4 0 1
+12 0 1
+11 0 1
cfn=(500)
calls=1 0x4e210 0 
* 0 9

fn=(558) sbrk
0x134640 0 16
+4 0 16
+2 0 16
+7 0 16
+1 0 16
+3 0 16
+1 0 16
+4 0 16
+3 0 16
+2 0 15
+6 0 15
+2 0 15
+2 0 16
+3 0 16
+2 0 15
+2 0 15
+3 0 15
+3 0 15
+3 0 15
+2 0 15
+23 0 1
+3 0 1
+1 0 1
+1 0 1
+2 0 1
+11 0 16
+2 0 16
cfn=(560) brk
calls=16 0x1345e0 0 
* 0 176
+5 0 16
+2 0 16
+2 0 16
+4 0 16
+25 0 15
+4 0 15
cfn=(560)
calls=15 0x1345e0 0 
* 0 165
+5 0 15
+2 0 15
+2 0 15
+3 0 15
+1 0 15
+1 0 15
+2 0 15

fn=(560)
0x1345e0 0 31
+4 0 31
+5 0 31
+2 0 31
+6 0 31
+2 0 31
+7 0 31
+3 0 31
+3 0 31
+2 0 31
+2 0 31

fn=(618) __uflow
0x93600 0 15
+4 0 15
+6 0 15
+2 0 15
+6 0 1
+10 0 1
+1 0 1
+1 0 1
+3 0 1
+4 0 1
+6 0 1
-15 0 14
+1 0 14
+1 0 14
+3 0 14
+4 0 14
+6 0 14
+6 0 15
+4 0 15
+4 0 15
+6 0 15
+6 0 15
+6 0 15
+5 0 15
+22 0 15
+7 0 15
+7 0 15
+7 0 15
+3 0 15
+3 0 15
+3 0 15
+3 0 15
+6 0 15
+4 0 15
+4 0 15
+3 0 15
+1 0 15
+1 0 15
cfn=(620) _IO_default_uflow
calls=15 0x93860 0 
* 0 2130
+6 0 14
+3 0 14
+13 0 15
+5 0 15

fn=(632)
0x93720 0 3
+4 0 3
+1 0 3
+3 0 3
+4 0 3
+4 0 3
+2 0 3
+3 0 3
+2 0 1
+2 0 1
+2 0 3
+4 0 3
+2 0 3
+3 0 3
+3 0 3
+2 0 3
+4 0 3
+3 0 3
+2 0 3
+4 0 3
+1 0 3
+9 0 1
+4 0 1
+5 0 1
+5 0 1
cob=(2)
cfi=(42)
cfn=(662)
calls=1 0x4fd7bb0 0 
* 0 116
+5 0 1
+2 0 1
+4 0 1
+5 0 1
+5 0 1

fn=(778) isatty
0x1302f0 0 1
+4 0 1
+4 0 1
+9 0 1
+5 0 1
+2 0 1
+3 0 1
cfn=(780) tcgetattr
calls=1 0x133e20 0 
* 0 24
+5 0 1
+2 0 1
+3 0 1
+5 0 1
+9 0 1
+2 0 1
+3 0 1
+4 0 1

fn=(806) __run_exit_handlers
0x50b90 0 1
+4 0 1
+2 0 1
+2 0 1
+2 0 1
+2 0 1
+3 0 1
+1 0 1
+2 0 1
+1 0 1
+4 0 1
+4 0 1
+2 0 1
+6 0 1
+7 0 1
+5 0 1
+1 0 1
+2 0 1
+2 0 1
+7 0 1
-11 0 1
+2 0 1
+2 0 1
+7 0 1
+11 0 2
+4 0 2
+24 0 2
+4 0 2
+3 0 2
+2 0 1
+15 0 1
+2 0 1
+2 0 1
+7 0 1
+11 0 1
+4 0 1
+24 0 1
+7 0 1
+2 0 2
+4 0 2
+3 0 2
+6 0 1
+4 0 1
+7 0 1
+4 0 1
+7 0 1
+10 0 1
+3 0 1
+24 0 1
+3 0 1
+4 0 1
+3 0 1
+4 0 1
+4 0 1
+2 0 1
+4 0 1
+6 0 1
+4 0 1
+8 0 1
+2 0 1
+4 0 1
+9 0 1
+4 0 1
cob=(1)
cfi=(90)
cfn=(810)
calls=1 0x8cd0 30 
* 0 1732
+2 0 1
+68 0 1
+3 0 1
+4 0 1
+3 0 1
+10 0 1
+7 0 1
+10 0 1
+3 0 1
+24 0 1
+5 0 1
+7 0 1
+7 0 1
+10 0 1
+3 0 1
+24 0 1
+5 0 1
+2 0 1
+7 0 1
+7 0 1
+3 0 1
+2 0 1
+7 0 1
+3 0 1
+4 0 1
+5 0 1
+3 0 1
cfn=(870) _IO_cleanup
calls=1 0x94410 0 
* 0 496
+2 0 1
+4 0 1
+3 0 1
+2 0 1
+2 0 1
cfn=(888) _Exit
calls=1 0x1083e0 0 
* 0 6
+5 0 1
cfn=(808) __call_tls_dtors
calls=1 0x51440 0 
* 0 12
+5 0 1

fn=(270)
0xe5a10 0 1
+4 0 1
+2 0 1
+7 0 1
+2 0 1
+2 0 1
+1 0 1
+1 0 1
+4 0 1
+7 0 1
+5 0 1
+5 0 1
+3 0 1
+8 0 1
+2 0 1
+6 0 1
+7 0 1
+7 0 1
+3 0 1
+36 0 1
+3 0 1
+2 0 1
+3 0 1
+7 0 1
+3 0 1
+3 0 1
+7 0 1
+7 0 1
+3 0 1
+3 0 1
+7 0 1
+3 0 1
+6 0 1
+5 0 1
+3 0 1
+6 0 1
+3 0 1
+7 0 1
+2 0 1
+3 0 1
+7 0 1
+7 0 1
+3 0 1
+3 0 1
+7 0 1
+5 0 1
+4 0 1
+3 0 1
+4 0 1
+4 0 1
+4 0 1
+4 0 1
+3 0 1
+4 0 1
+6 0 1
+7 0 1
+3 0 1
+4 0 1
+3 0 1
+4 0 1
+6 0 1
+6 0 1
+7 0 1
+25 0 1
+7 0 1
+5 0 1
+4 0 1
+7 0 1
+3 0 1
+4 0 1
+7 0 1
+7 0 1
+7 0 1
+4 0 1
+2 0 1
+1 0 1
+1 0 1
+2 0 1
+2 0 1
+2 0 1
+84 0 1
+6 0 1
+3 0 1
+3 0 1
+6 0 1
+6 0 1
+3 0 1
+3 0 1
+4 0 1
+7 0 1
+7 0 1
+5 0 1
cfn=(272) handle_intel.constprop.1
calls=1 0xe58c0 0 
* 0 446
+5 0 1
+5 0 1
+3 0 1
cfn=(272)
calls=1 0xe58c0 0 
* 0 484
+5 0 1
+5 0 1
+3 0 1
cfn=(272)
calls=1 0xe58c0 0 
* 0 509
+5 0 1
+5 0 1
+5 0 1
+3 0 1
+5 0 1
+5 0 1
+5 0 1
cfn=(276) get_common_cache_info
calls=1 0xe4d80 0 
* 0 229
+5 0 1
+3 0 1
+6 0 1

fn=(272)
0xe58c0 0 3
+2 0 3
+2 0 3
+2 0 3
+2 0 3
+1 0 3
+1 0 3
+4 0 3
+7 0 3
+9 0 3
+5 0 3
+2 0 3
+4 0 3
+6 0 3
+3 0 3
+5 0 3
+5 0 3
+5 0 3
+2 0 3
+4 0 3
+3 0 3
+2 0 3
+30 0 3
+5 0 3
+9 0 3
+6 0 3
+4 0 3
+1 0 3
+1 0 3
+2 0 3
+2 0 3
+2 0 3
+2 0 3
+4 0 3
+2 0 3
+5 0 3
+5 0 3
+2 0 3
+4 0 3
+4 0 3
+3 0 3
+3 0 3
cfn=(274)
calls=3 0xe5620 0 
* 0 978
+5 0 3
+3 0 3
+2 0 3
+4 0 3
+4 0 3
+3 0 3
+3 0 3
+2 0 3
+3 0 3
cfn=(274)
calls=3 0xe5620 0 
* 0 302
+5 0 3
+3 0 3

fn=(280)
0x9f760 0 1
+4 0 1
+7 0 1
+6 0 1
+6 0 1
+3 0 1
+2 0 1
+6 0 1
+46 0 1
+2 0 1
+2 0 1
+7 0 1
+3 0 1
+2 0 1
+7 0 1
+6 0 1
+2 0 1

fn=(310)
0x9f5b0 0 2
+4 0 2
+7 0 2
+7 0 2
+6 0 2
+2 0 2
+6 0 2
+6 0 2
+10 0 2
+6 0 2
+3 0 2
+2 0 2
+2 0 2
+2 0 2
+7 0 2
+3 0 2
+2 0 2
+3 0 2
+7 0 2
+7 0 2
+4 0 2

fn=(474) __cxa_atexit
0x510f0 0 1
+4 0 1
+7 0 1
cfn=(476)
calls=1 0x51000 0 
* 0 68

fn=(324)
0x9f870 0 1
+4 0 1
+7 0 1
+7 0 1
+7 0 1
+7 0 1
+4 0 1

fn=(326)
0x9ef60 0 1
+4 0 1
+7 0 1
+6 0 1
+6 0 1
+2 0 1
+5 0 1
+5 0 1
+29 0 1
+3 0 1
+2 0 1
+2 0 1
+2 0 1
+7 0 1
+3 0 1
+2 0 1
+7 0 1
+3 0 1
+2 0 1

fn=(334)
0xa0410 0 1
+4 0 1
+7 0 1
+7 0 1
+6 0 1
+2 0 1
+6 0 1
+6 0 1
+10 0 1
+6 0 1
+3 0 1
+2 0 1
+2 0 1
+6 0 1
+2 0 1
+2 0 1
+7 0 1
+2 0 1
+2 0 1
+3 0 1
+7 0 1
+7 0 1
+4 0 1

fn=(340)
0xa0a90 0 1
+4 0 1
+7 0 1
+6 0 1
+6 0 1
+3 0 1
+2 0 1
+6 0 1
+46 0 1
+2 0 1
+2 0 1
+7 0 1
+3 0 1
+2 0 1
+7 0 1
+6 0 1
+2 0 1

fn=(344)
0xa2380 0 1
+4 0 1
+7 0 1
+7 0 1
+6 0 1
+2 0 1
+6 0 1
+6 0 1
+10 0 1
+6 0 1
+3 0 1
+2 0 1
+2 0 1
+2 0 1
+7 0 1
+3 0 1
+2 0 1
+3 0 1
+7 0 1
+7 0 1
+4 0 1

fn=(346)
0xa0d00 0 1
+4 0 1
+7 0 1
+6 0 1
+3 0 1
+2 0 1
+6 0 1
+6 0 1
+2 0 1
+2 0 1
+2 0 1
+7 0 1
+3 0 1
+2 0 1
+6 0 1
+7 0 1
+58 0 1

fn=(454)
0xadaf0 0 1
+4 0 1
+4 0 1
+2 0 1
+5 0 1
+4 0 1
+3 0 1
+5 0 1
+6 0 1
+4 0 1
+4 0 1
+4 0 1
+2 0 1
+6 0 1
+4 0 1
+4 0 1
+5 0 1
+2 0 1
+2 0 1
+3 0 1
+3 0 1
+3 0 1

fn=(496) _setjmp
0x23420 0 1
+4 0 1
+2 0 1
cfn=(498)
calls=1 0x23390 0 
* 0 31

fn=(520) _xstat
0x12dbe0 0 1
+4 0 1
+3 0 1
+3 0 1
+2 0 1
+3 0 1
+3 0 1
+5 0 1
+2 0 1
+6 0 1
+2 0 1

fn=(546) malloc_init_state
0x969d0 0 1
+4 0 1
+7 0 1
+3 0 1
+2 0 1
+4 0 1
+4 0 1
+4 0 1
+3 0 1
-15 0 126
+4 0 126
+4 0 126
+4 0 126
+3 0 126
+2 0 1
+7 0 1
+3 0 1
+6 0 1
+7 0 1
+4 0 1
+1 0 1
+11 0 1

fn=(566)
0x91cd0 0 1
+4 0 1
+1 0 1
+7 0 1
+1 0 1
+3 0 1
+4 0 1
+6 0 1
+7 0 1
cfn=(568)
calls=1 0x92e80 0 
* 0 82
+5 0 1
+3 0 1
+4 0 1
+1 0 1
+1 0 1

fn=(574) open
0x12e2f0 0 1
+4 0 1
+4 0 1
+3 0 1
+5 0 1
+9 0 1
+5 0 1
+2 0 1
+4 0 1
+2 0 1
+2 0 1
+5 0 1
+5 0 1
+2 0 1
+7 0 1
+2 0 1
+2 0 1
+2 0 1
+2 0 1
+5 0 1
+3 0 1
+5 0 1
+2 0 1
+6 0 1
+6 0 1
+5 0 1
+9 0 1
+6 0 1
+4 0 1

fn=(634)
0x93390 0 15
+4 0 15
+1 0 15
+1 0 15
+3 0 15
+4 0 15
+4 0 15
+4 0 15
+57 0 15
+2 0 15
+3 0 15
+2 0 15
+4 0 15
+4 0 15
+4 0 15
+6 0 15
+3 0 15
+4 0 15
+2 0 15
+4 0 15
+4 0 15
+2 0 15
+4 0 15
+1 0 15
+1 0 15

fn=(774) __overflow
0x93470 0 1
+4 0 1
+1 0 1
+4 0 1
+6 0 1
+2 0 1
+2 0 1
+10 0 1
+7 0 1
+7 0 1
+7 0 1
+3 0 1
+3 0 1
+3 0 1
+3 0 1
+2 0 1
+4 0 1
+4 0 1
+1 0 1
cfn=(776) _IO_file_overflow@@GLIBC_2.2.5
calls=1 0x928b0 0 
* 0 340169

fn=(808)
0x51440 0 1
+4 0 1
+1 0 1
+1 0 1
+4 0 1
+7 0 1
+5 0 1
+3 0 1
+69 0 1
+4 0 1
+1 0 1
+1 0 1

fn=(882) _IO_file_setbuf@@GLIBC_2.2.5
0x90780 0 1
+4 0 1
+1 0 1
+3 0 1
cfn=(884) _IO_default_setbuf
calls=1 0x93b00 0 
* 0 70
+5 0 1
+3 0 1
+2 0 1
+4 0 1
+4 0 1
+4 0 1
+4 0 1
+4 0 1
+4 0 1
+4 0 1
+3 0 1
+1 0 1

fn=(284)
0x9eed0 0 1
+4 0 1
+7 0 1
+6 0 1
+6 0 1
+3 0 1
+2 0 1
+6 0 1
+46 0 1
+2 0 1
+2 0 1
+7 0 1
+3 0 1
+2 0 1
+7 0 1
+6 0 1
+2 0 1

fn=(288)
0xf7850 0 1
+4 0 1
+4 0 1
+5 0 1
+7 0 1
+5 0 1
+4 0 1
+7 0 1
+10 0 1
+5 0 1
+5 0 1
+4 0 1
+4 0 1
+3 0 1
+3 0 1
+4 0 1
+6 0 1
+3 0 1
+3 0 1
-30 0 3
+4 0 3
+4 0 3
+3 0 3
+3 0 3
+4 0 3
+6 0 3
+3 0 3
+3 0 3
+2 0 3
+4 0 3
+4 0 3
+8 0 1
+5 0 1
+6 0 1
+2 0 1
+3 0 1
+7 0 1
+9 0 1
cfn=(290)
calls=1 0x179e40 0 
* 0 16
+5 0 1
+7 0 1
+3 0 1
+4 0 1
+4 0 1

fn=(292)
0xa22f0 0 1
+4 0 1
+7 0 1
+7 0 1
+6 0 1
+2 0 1
+6 0 1
+6 0 1
+10 0 1
+6 0 1
+3 0 1
+2 0 1
+2 0 1
+6 0 1
+2 0 1
+2 0 1
+7 0 1
+2 0 1
+2 0 1
+3 0 1
+7 0 1
+7 0 1
+4 0 1

fn=(322)
0xe6650 0 2
+4 0 2
+7 0 2
+7 0 2
+6 0 2
+3 0 2
+2 0 2
+6 0 2
+3 0 2
+2 0 2
+2 0 2
+2 0 2
+7 0 2
+3 0 2
+2 0 2
+3 0 2
+7 0 2
+7 0 2
+4 0 2

fn=(348)
0xf7940 0 1
+4 0 1
+4 0 1
+5 0 1
+7 0 1
+5 0 1
+4 0 1
+7 0 1
+10 0 1
+5 0 1
+5 0 1
+4 0 1
+4 0 1
+3 0 1
+3 0 1
+4 0 1
+6 0 1
+3 0 1
+3 0 1
-30 0 3
+4 0 3
+4 0 3
+3 0 3
+3 0 3
+4 0 3
+6 0 3
+3 0 3
+3 0 3
+2 0 3
+4 0 3
+4 0 3
+8 0 1
+5 0 1
+6 0 1
+2 0 1
+3 0 1
+7 0 1
+9 0 1
cfn=(290)
calls=1 0x179e40 0 
* 0 16
+5 0 1
+7 0 1
+3 0 1
+4 0 1
+4 0 1

fn=(538) getrandom
0x523a0 0 1
+4 0 1
+7 0 1
+2 0 1
+2 0 1
+2 0 1
+5 0 1
+2 0 1
+6 0 1
+2 0 1

fn=(554) sysmalloc
0x98dd0 0 16
+2 0 16
+2 0 16
+2 0 16
+2 0 16
+1 0 16
+3 0 16
+1 0 16
+4 0 16
+7 0 16
+4 0 16
+3 0 16
+6 0 16
+7 0 16
+3 0 16
+6 0 15
+5 0 15
+4 0 15
+3 0 15
+3 0 15
+5 0 15
+5 0 15
+3 0 15
+5 0 15
+5 0 15
+4 0 15
+4 0 15
+3 0 15
+4 0 15
+5 0 15
+5 0 15
+2 0 1
+3 0 1
+2 0 14
+4 0 14
+6 0 14
+2 0 14
+6 0 14
+4 0 14
+3 0 14
+6 0 15
+4 0 15
+3 0 15
+6 0 15
+7 0 15
+3 0 15
0x98efa 0 15
+7 0 15
+2 0 15
+7 0 15
+4 0 15
+4 0 15
+3 0 15
+6 0 15
+3 0 15
+7 0 15
+4 0 15
+3 0 15
+4 0 15
+3 0 15
+4 0 15
+4 0 15
+4 0 15
+4 0 15
+4 0 15
+4 0 15
+4 0 15
+4 0 15
+3 0 15
+1 0 15
+1 0 15
+2 0 15
+2 0 15
+2 0 15
+2 0 15
-17 0 1
+4 0 1
+3 0 1
+1 0 1
+1 0 1
+2 0 1
+2 0 1
+2 0 1
+2 0 1
+8 0 1
+6 0 1
+6 0 1
+6 0 1
+3 0 1
+5 0 1
+3 0 1
+3 0 1
+3 0 1
0x9907b 0 1
+4 0 1
+3 0 1
+6 0 1
+3 0 1
+7 0 1
+4 0 1
+4 0 1
+5 0 1
+8 0 1
+3 0 1
+6 0 1
+2 0 1
+2 0 1
+8 0 1
+2 0 1
+3 0 1
+9 0 1
+3 0 1
+7 0 1
+3 0 1
+6 0 1
+9 0 1
+10 0 15
+7 0 15
+4 0 15
+5 0 15
+4 0 15
+6 0 15
+3 0 15
+3 0 15
+3 0 15
+4 0 15
+5 0 15
+3 0 15
+6 0 15
+7 0 15
+5 0 15
+3 0 15
+5 0 15
cfn=(556) __default_morecore
calls=15 0x9cf60 0 
* 0 972
+2 0 15
+3 0 15
+1 0 15
+3 0 15
+5 0 15
+5 0 15
+6 0 15
+7 0 15
+5 0 15
+3 0 15
+2 0 15
+3 0 15
+6 0 15
+8 0 15
+6 0 15
+7 0 15
+3 0 15
+7 0 15
+3 0 15
+6 0 14
+3 0 14
+6 0 14
+3 0 14
+7 0 14
+4 0 14
+4 0 14
0x992a8 0 1
+7 0 1
+6 0 1
+3 0 1
+11 0 1
+3 0 1
+18 0 1
+3 0 1
+3 0 1
+26 0 1
+3 0 1
+3 0 1
+3 0 1
+3 0 1
+5 0 1
+3 0 1
+3 0 1
+6 0 1
+7 0 1
cfn=(556)
calls=1 0x9cf60 0 
* 0 44
+2 0 1
+3 0 1
+6 0 1
+7 0 1
+3 0 1
+3 0 1
+6 0 1
+7 0 1
+5 0 1
+3 0 1
+39 0 1
+7 0 1
+30 0 1
+3 0 1
+7 0 1
+3 0 1
+4 0 1
+4 0 1
+7 0 1
+3 0 1
0x99470 0 1
+3 0 1
+5 0 1
0x99586 0 1
+3 0 1
+4 0 1
+2 0 1
+5 0 1
+5 0 1
+3 0 1
cfn=(782) mmap
calls=1 0x138610 0 
* 0 36
+5 0 1
+4 0 1

fn=(660) __close_nocancel
0x1337b0 0 1
+4 0 1
+5 0 1
+2 0 1
+6 0 1
+2 0 1

fn=(734)
0xa78c0 0 25
+4 0 25
+3 0 25
+4 0 25
+2 0 21
+4 0 21
+30 0 8
+7 0 8
+6 0 8
+3 0 8
+2 0 6
+2 0 6
+4 0 6
+3 0 6
+6 0 6
+3 0 6
+3 0 6
+2 0 2
+3 0 2
+3 0 2
+3 0 2
-3 0 6
+3 0 6
+2 0 8
+3 0 8
* 0 386536
+2 0 8
+1 0 4
+3 0 4
+25 0 4
+4 0 4
+6 0 4
+4 0 4
+6 0 4
+3 0 4
+48 0 21
+7 0 21
+6 0 13
+7 0 13
+6 0 2
+7 0 2
+2 0 2
+4 0 2
+5 0 2
+5 0 2
+5 0 2
+6 0 2
+6 0 2
+6 0 2
+6 0 2
+4 0 2
+5 0 2
+5 0 2
+5 0 2
+6 0 2
+6 0 2
+6 0 2
+6 0 2
+3 0 2
+47 0 11
+7 0 11
+6 0 11
+3 0 11
0xa7ae7 0 11
+4 0 11
+5 0 11
+5 0 11
+5 0 11
+6 0 11
+5 0 11
+5 0 11
+3 0 11
+3 0 11
+4 0 11
+3 0 11
+3 0 11
+3 0 11
+3 0 11
+4 0 11
+5 0 11
+5 0 11
+5 0 11
+4 0 11
+4 0 11
+5 0 11
+6 0 11
+6 0 11
+6 0 11
+4 0 11
+7 0 11
-61 0 71
+4 0 71
+5 0 71
+5 0 71
+5 0 71
+4 0 71
+4 0 71
+5 0 71
+6 0 71
+6 0 71
+6 0 71
+4 0 71
+7 0 71
+2 0 11
+4 0 11
+5 0 11
+5 0 11
+5 0 11
+5 0 11
+3 0 11

fn=(294)
0xe6500 0 2
+4 0 2
+7 0 2
+7 0 2
+6 0 2
+2 0 2
+6 0 2
+6 0 2
+10 0 2
+6 0 2
+3 0 2
+2 0 2
+2 0 2
+6 0 2
+2 0 2
+2 0 2
+7 0 2
+2 0 2
+2 0 2
+3 0 2
+7 0 2
+7 0 2
+4 0 2

fn=(308)
0xe5da0 0 2
+4 0 2
+7 0 2
+7 0 2
+6 0 2
+2 0 2
+6 0 2
+6 0 2
+10 0 2
+6 0 2
+3 0 2
+2 0 2
+2 0 2
+2 0 2
+7 0 2
+3 0 2
+2 0 2
+3 0 2
+7 0 2
+7 0 2
+4 0 2

fn=(456)
0x23240 0 1
+4 0 1
+7 0 1
+7 0 1
+7 0 1
+30 0 1
+7 0 1
+7 0 1
+2 0 1
+7 0 1
+7 0 1
+2 0 1

fn=(550) tcache_init.part.7
0x9a5a0 0 1
+7 0 1
+1 0 1
+4 0 1
+3 0 1
+6 0 1
+5 0 1
+2 0 1
+7 0 1
+10 0 1
+3 0 1
+24 0 1
+5 0 1
+3 0 1
cfn=(552) _int_malloc
calls=1 0x99640 0 
* 0 412
+5 0 1
+3 0 1
+3 0 1
+6 0 1
+7 0 1
+9 0 1
+2 0 1
+24 0 1
+3 0 1
+2 0 1
+7 0 1
+4 0 1
+4 0 1
+4 0 1
+2 0 1
+7 0 1
+11 0 1
+3 0 1
+6 0 1
+3 0 1
* 0 79
+3 0 1
+1 0 1

fn=(570)
0x92080 0 1
+4 0 1
+2 0 1
+2 0 1
+2 0 1
+2 0 1
+1 0 1
+1 0 1
+4 0 1
+9 0 1
+5 0 1
+2 0 1
+4 0 1
+6 0 1
+3 0 1
+3 0 1
+2 0 1
+44 0 1
+5 0 1
+9 0 1
+3 0 1
+6 0 1
+4 0 1
+1 0 1
+1 0 1
+2 0 1
+2 0 1
+2 0 1
+2 0 1
+28 0 1
+4 0 1
+3 0 1
+4 0 1
+3 0 1
+2 0 1
-9 0 1
+4 0 1
+3 0 1
+2 0 1
+6 0 2
+6 0 2
+2 0 2
+6 0 2
+2 0 2
+6 0 1
+2 0 1
+2 0 1
+3 0 1
+2 0 1
+3 0 1
+3 0 1
+5 0 1
+2 0 1
+3 0 1
cfn=(572) _IO_file_open
calls=1 0x91f90 0 
* 0 79
+5 0 1
+3 0 1
+3 0 1
+6 0 1
+5 0 1
+7 0 1
cfn=(576) __GI_strstr
calls=1 0xa0040 0 
* 0 57
+5 0 1
+3 0 1
+3 0 1
0x922b8 0 1
+3 0 1
0x92480 0 1
+6 0 1
+2 0 1
+3 0 1

fn=(576)
0xa0040 0 1
+4 0 1
+2 0 1
+2 0 1
+2 0 1
+2 0 1
+1 0 1
+1 0 1
+7 0 1
+3 0 1
+9 0 1
+8 0 1
+2 0 1
+2 0 1
+6 0 1
+4 0 1
+3 0 1
+3 0 1
cob=(2)
cfi=(42)
cfn=(578)
calls=1 0x4fd7a60 0 
* 0 23
+5 0 1
+3 0 1
+3 0 1
0xa0222 0 1
+3 0 1
+8 0 1
+9 0 1
+3 0 1
+6 0 1
+7 0 1
+1 0 1
+1 0 1
+2 0 1
+2 0 1
+2 0 1
+2 0 1

fn=(648) fclose@@GLIBC_2.2.5
0x85860 0 1
+4 0 1
+2 0 1
+1 0 1
+1 0 1
+2 0 1
+3 0 1
+3 0 1
+36 0 1
+7 0 1
+7 0 1
+7 0 1
+3 0 1
+3 0 1
+3 0 1
+3 0 1
+6 0 1
+2 0 1
+3 0 1
cfn=(668) _IO_file_finish@@GLIBC_2.2.5
calls=1 0x91ef0 0 
* 0 29
+5 0 1
+6 0 1
+2 0 1
+6 0 1
+5 0 1
+10 0 1
+7 0 1
+2 0 1
+7 0 1
+2 0 1
+7 0 1
+2 0 1
+3 0 1
cob=(2)
cfi=(42)
cfn=(662)
calls=1 0x4fd7bb0 0 
* 0 90
+5 0 1
+2 0 1
+1 0 1
+1 0 1
+2 0 1
+5 0 1
cfn=(650)
calls=1 0x92e60 0 
* 0 91
+5 0 1
+2 0 1
+3 0 1
+2 0 1
+7 0 1
+9 0 1
+4 0 1
+2 0 1
+5 0 1
+2 0 1
+7 0 1
+10 0 1
+3 0 1
+24 0 1
+7 0 1
+2 0 1
+4 0 1
+4 0 1
+2 0 1
+6 0 1
+3 0 1
+6 0 1
+3 0 1
cfn=(654)
calls=1 0x91d50 0 
* 0 220
+5 0 1
+2 0 1
+2 0 1
+6 0 1
+2 0 1
+6 0 1
+7 0 1
+4 0 1
+6 0 1
+8 0 1
+7 0 1
+9 0 1
+2 0 1
+24 0 1

fn=(650)
0x92e60 0 2
+4 0 2
+3 0 2
+2 0 1
cfn=(652) __GI__IO_un_link.part.1
calls=1 0x92b70 0 
* 0 87
+7 0 1

fn=(652)
0x92b70 0 1
+1 0 1
+1 0 1
+3 0 1
+4 0 1
+6 0 1
+9 0 1
+5 0 1
+2 0 1
+2 0 1
+40 0 1
+9 0 1
+7 0 1
+2 0 1
+5 0 1
+2 0 1
+7 0 1
+14 0 1
+7 0 1
+28 0 1
+7 0 1
+6 0 1
+2 0 1
+7 0 1
+3 0 1
+2 0 1
+6 0 1
+5 0 1
+6 0 1
+7 0 1
+9 0 1
+4 0 1
+6 0 1
+5 0 1
+7 0 1
+11 0 1
+4 0 1
+24 0 1
+2 0 1
+7 0 1
+7 0 1
+2 0 1
+4 0 1
+5 0 1
+5 0 1
+3 0 1
+2 0 1
+4 0 1
+3 0 1
+46 0 1
+4 0 1
+2 0 1
+2 0 1
+2 0 1
+7 0 1
+5 0 1
+6 0 1
+2 0 1
+8 0 1
+7 0 1
+10 0 1
+3 0 1
+24 0 1
+6 0 1
+11 0 1
+3 0 1
+6 0 1
+2 0 1
+11 0 1
+7 0 1
+13 0 1
+6 0 1
+28 0 1
+2 0 1
+29 0 1
+5 0 1
+9 0 1
+6 0 1
+4 0 1
+1 0 1
+1 0 1
+11 0 1
+9 0 1
+7 0 1
+4 0 1
+44 0 1
+7 0 1

fn=(666)
0x98380 0 2829690
+2 0 2829690
+2 0 2829690
+2 0 2829690
+2 0 2829690
+1 0 2829690
+1 0 2829690
+4 0 2829690
+9 0 2829690
+5 0 2829690
+2 0 2829690
+4 0 2829690
+3 0 2829690
+4 0 2829690
+3 0 2829690
+3 0 2829690
+3 0 2829690
+6 0 2829690
+3 0 2829690
+4 0 2829690
+6 0 2829690
+4 0 2829690
+6 0 2829690
+2 0 2829690
+6 0 2829690
+7 0 2829690
+3 0 2829690
+4 0 2829690
+3 0 2829690
+2 0 2829690
+4 0 2829690
+4 0 2829690
+7 0 2829690
+2 0 2829678
+4 0 2829678
+7 0 2829678
+4 0 2829678
+6 0 2829678
+7 0 2829678
+4 0 2829678
+4 0 2829678
+3 0 2829678
+3 0 2829678
+6 0 2829317
+7 0 2829317
+6 0 2829298
+4 0 2829298
+4 0 2829298
+4 0 2829298
+6 0 2829298
+4 0 2829298
+7 0 2829298
+6 0 2829298
+6 0 2829298
+2 0 2829298
+6 0 2829298
+8 0 2829298
+3 0 2829298
+3 0 2829298
+7 0 2829298
+4 0 2829298
+4 0 2829298
+2 0 2829298
+2 0 2829298
+6 0 2829298
+3 0 2829298
+6 0 2829298
+4 0 2829298
+4 0 2829298
+3 0 2829298
+4 0 2829298
+4 0 2829298
+3 0 2829298
+2 0 2829150
+3 0 2829150
+17 0 2829690
+5 0 2829690
+9 0 2829690
+6 0 2829690
+4 0 2829690
+1 0 2829690
+1 0 2829690
+2 0 2829690
+2 0 2829690
+2 0 2829690
+2 0 2829690
+9 0 19
+4 0 19
+6 0 19
+7 0 19
+2 0 19
+2 0 19
+11 0 19
+8 0 19
+4 0 19
+4 0 19
+3 0 19
+6 0 19
+5 0 19
+6 0 19
+5 0 19
+2 0 19
+6 0 19
+3 0 19
+4 0 19
+4 0 19
+6 0 19
+7 0 19
+6 0 19
+6 0 19
+2 0 19
+6 0 19
+4 0 19
+2 0 1
+3 0 1
+3 0 1
+3 0 1
+4 0 1
+4 0 1
+3 0 1
+6 0 1
+3 0 1
cfn=(740) unlink_chunk.isra.2
calls=1 0x97300 0 
* 0 18
+5 0 19
+4 0 19
+6 0 18
+6 0 18
+6 0 12
+6 0 12
+4 0 12
+4 0 12
+4 0 12
-12 0 6
+4 0 6
+4 0 6
+4 0 6
+6 0 18
+4 0 18
+4 0 18
+7 0 18
+6 0 18
+4 0 18
+4 0 18
+3 0 18
+4 0 18
+4 0 18
+4 0 18
+7 0 18
-7 0 1
+7 0 1
+6 0 19
+4 0 19
+2 0 19
+78 0 373
+7 0 373
+3 0 373
+4 0 373
+4 0 373
+3 0 373
+4 0 373
+7 0 373
+4 0 373
+7 0 373
+4 0 373
0x98730 0 11
+8 0 11
+8 0 11
0x987f0 0 5
+4 0 5
+2 0 5
+6 0 5
+7 0 5
+3 0 5
0x989c0 0 1
+3 0 1
+3 0 1
+4 0 1
+4 0 1
+4 0 1
+94 0 6
+3 0 6
+3 0 6
cfn=(740)
calls=6 0x97300 0 
* 0 124
+5 0 6
0x98b70 0 19
+4 0 19
+4 0 19
+3 0 19
+3 0 19
+58 0 2
+3 0 2
cfn=(764) malloc_consolidate
calls=2 0x973d0 0 
* 0 2986261
+5 0 2
+8 0 5
+4 0 5
+4 0 5
+4 0 5
+7 0 5
+6 0 1
+7 0 1
cfn=(784) systrim.isra.1.constprop.11
calls=1 0x982b0 0 
* 0 25
+5 0 1

fn=(668)
0x91ef0 0 1
+4 0 1
+1 0 1
+1 0 1
+3 0 1
+4 0 1
+4 0 1
+88 0 1
+4 0 1
+3 0 1
+2 0 1
+1 0 1
+1 0 1
cfn=(670) _IO_default_finish
calls=1 0x93f20 0 
* 0 16

fn=(726) realloc
0x9bbd0 0 22
+4 0 22
+2 0 22
+2 0 22
+2 0 22
+2 0 22
+1 0 22
+1 0 22
+4 0 22
+7 0 22
+3 0 22
+3 0 22
+6 0 21
+3 0 21
+3 0 21
+3 0 21
+3 0 21
+3 0 21
+3 0 21
+2 0 21
+6 0 21
+3 0 21
+6 0 21
+4 0 21
+4 0 21
+3 0 21
+3 0 21
+4 0 21
+3 0 21
+6 0 21
+3 0 21
+3 0 21
+3 0 21
+6 0 21
+4 0 21
+6 0 21
+4 0 21
+6 0 21
+4 0 21
+6 0 21
+3 0 21
+6 0 21
+2 0 21
+6 0 21
+3 0 21
+6 0 20
+7 0 20
+2 0 20
+2 0 20
+6 0 20
+3 0 20
+3 0 20
+3 0 20
+3 0 20
+5 0 20
cfn=(730) _int_realloc
calls=20 0x9ab50 0 
* 0 4019740
+5 0 20
+3 0 20
+3 0 20
+2 0 20
+4 0 20
+2 0 20
+2 0 19
+2 0 19
+7 0 19
+5 0 19
+15 0 19
+3 0 19
+6 0 21
+4 0 21
+3 0 21
+1 0 21
+1 0 21
+2 0 21
+2 0 21
+2 0 21
+2 0 21
+8 0 21
+4 0 21
+4 0 21
+3 0 21
+3 0 21
+10 0 20
+7 0 20
+5 0 20
+6 0 20
+7 0 20
+3 0 20
+28 0 1
+7 0 1
+2 0 1
+7 0 1
+2 0 1
+3 0 1
+3 0 1
cfn=(786) mremap_chunk
calls=1 0x96f50 0 
* 0 68
+5 0 1
+4 0 1
+3 0 1
0x9be30 0 1
+5 0 1
+4 0 1
+1 0 1
+1 0 1
+2 0 1
+2 0 1
+2 0 1
+2 0 1
cfn=(728) realloc_hook_ini
calls=1 0x9bfd0 0 
* 0 430

fn=(727) realloc'2
0x9bbd0 0 1
+4 0 1
+2 0 1
+2 0 1
+2 0 1
+2 0 1
+1 0 1
+1 0 1
+4 0 1
+7 0 1
+3 0 1
+3 0 1
+6 0 1
+3 0 1
+3 0 1
+3 0 1
+3 0 1
+3 0 1
+3 0 1
+2 0 1
+6 0 1
+3 0 1
+6 0 1
+4 0 1
+4 0 1
+3 0 1
+3 0 1
+4 0 1
+3 0 1
+6 0 1
+3 0 1
+3 0 1
+3 0 1
+6 0 1
+4 0 1
+6 0 1
+4 0 1
+6 0 1
+4 0 1
+6 0 1
+3 0 1
+6 0 1
+2 0 1
+6 0 1
+3 0 1
+6 0 1
+7 0 1
+2 0 1
+2 0 1
+6 0 1
+3 0 1
+3 0 1
+3 0 1
+3 0 1
+5 0 1
cfn=(730)
calls=1 0x9ab50 0 
* 0 334
+5 0 1
+3 0 1
+3 0 1
+2 0 1
+4 0 1
+2 0 1
+2 0 1
+2 0 1
+7 0 1
+5 0 1
+15 0 1
+3 0 1
+6 0 1
+4 0 1
+3 0 1
+1 0 1
+1 0 1
+2 0 1
+2 0 1
+2 0 1
+2 0 1
+8 0 1
+4 0 1
+4 0 1
+3 0 1
+3 0 1
+10 0 1
+7 0 1
+5 0 1
+6 0 1
+7 0 1
+3 0 1

fn=(728)
0x9bfd0 0 1
+4 0 1
+7 0 1
+7 0 1
+7 0 1
+7 0 1
+6 0 1
+2 0 1
+2 0 1
cfn=(727)
calls=1 0x9bbd0 0 
* 0 421

fn=(772) putchar
0x895c0 0 181
+4 0 181
+1 0 181
+7 0 181
+3 0 181
+2 0 181
+3 0 181
+5 0 181
+2 0 181
+7 0 181
+9 0 181
+4 0 181
+2 0 181
+5 0 181
+7 0 181
+10 0 181
+3 0 181
+24 0 181
+7 0 181
+7 0 181
+4 0 181
+4 0 181
+4 0 181
+4 0 181
+4 0 181
+2 0 180
+4 0 180
+4 0 180
+3 0 180
+6 0 180
-6 0 1
+6 0 1
+2 0 181
+7 0 181
+4 0 181
+2 0 181
+8 0 181
+7 0 181
+9 0 181
+2 0 181
+24 0 181
+2 0 181
+1 0 181
+5 0 1
cfn=(774)
calls=1 0x93470 0 
* 0 340188
+5 0 1
+2 0 1

fn=(798) munmap
0x39440 0 1
+4 0 1
+5 0 1
+2 0 1
+6 0 1
+2 0 1

fn=(870)
0x94410 0 1
+4 0 1
+2 0 1
+2 0 1
+2 0 1
+2 0 1
+2 0 1
+1 0 1
+1 0 1
+4 0 1
+9 0 1
+5 0 1
+2 0 1
cfn=(872) _IO_flush_all_lockp
calls=1 0x94100 0 
* 0 263
+5 0 1
+7 0 1
+4 0 1
+3 0 1
+42 0 1
+9 0 1
+7 0 1
+2 0 1
+5 0 1
+2 0 1
+7 0 1
+14 0 1
+7 0 1
+28 0 1
+7 0 1
+6 0 1
+7 0 1
+3 0 1
+6 0 1
+3 0 1
+6 0 1
+7 0 1
+7 0 1
+9 0 1
+3 0 1
+6 0 3
+11 0 3
+4 0 3
+3 0 3
+6 0 3
+3 0 3
+3 0 3
+2 0 2
+7 0 2
+2 0 2
+2 0 1
+7 0 1
+3 0 1
+2 0 1
+4 0 1
+6 0 1
+2 0 1
+5 0 1
+7 0 1
+8 0 1
+3 0 1
+2 0 1
+25 0 1
+7 0 1
+2 0 1
+3 0 1
+2 0 1
+6 0 1
+7 0 1
+3 0 1
+3 0 1
+3 0 1
+6 0 1
+2 0 1
+2 0 1
+3 0 1
cfn=(882)
calls=1 0x90780 0 
* 0 86
+3 0 1
+7 0 1
+2 0 1
+16 0 1
+3 0 1
+6 0 1
+7 0 1
+3 0 1
+6 0 1
+4 0 1
+6 0 1
+8 0 1
+7 0 1
+9 0 1
+2 0 1
+24 0 1
+9 0 1
+6 0 1
+3 0 1
+6 0 1
+2 0 1
+2 0 1
+11 0 1
+7 0 1
+13 0 1
+6 0 1
+28 0 1
+3 0 1
+31 0 1
+5 0 1
+9 0 1
+4 0 1
+6 0 1
+4 0 1
+1 0 1
+1 0 1
+2 0 1
+2 0 1
+2 0 1
+2 0 1
+20 0 1
+3 0 1
+3 0 1
+7 0 1
+7 0 1
+7 0 1
+4 0 1
+7 0 1
+10 0 1
+9 0 1
+7 0 1
+5 0 1
+51 0 1
+7 0 1
+4 0 1
+7 0 1

fn=(880) write
0x12e680 0 1
+4 0 1
+7 0 1
+2 0 1
+2 0 1
+2 0 1
+5 0 1
+2 0 1
+6 0 1
+2 0 1

fn=(278)
0xa0540 0 1
+4 0 1
+7 0 1
+7 0 1
+6 0 1
+3 0 1
+2 0 1
+6 0 1
+6 0 1
+2 0 1
+3 0 1
+2 0 1
+2 0 1
+6 0 1
+6 0 1
+34 0 1
+3 0 1
0xa0648 0 1
+6 0 1
+7 0 1
+7 0 1
+4 0 1

fn=(296)
0xe5e20 0 1
+4 0 1
+7 0 1
+7 0 1
+6 0 1
+2 0 1
+6 0 1
+6 0 1
+10 0 1
+6 0 1
+3 0 1
+2 0 1
+2 0 1
+2 0 1
+7 0 1
+3 0 1
+2 0 1
+3 0 1
+7 0 1
+7 0 1
+4 0 1

fn=(302)
0x9f6c0 0 1
+4 0 1
+7 0 1
+6 0 1
+3 0 1
+2 0 1
+6 0 1
+6 0 1
+2 0 1
+2 0 1
+2 0 1
+7 0 1
+3 0 1
+2 0 1
+6 0 1
+7 0 1
+58 0 1

fn=(478)
0x50ee0 0 1
+4 0 1
+7 0 1
+6 0 1
+1 0 1
+1 0 1
+3 0 1
+4 0 1
+3 0 1
+3 0 1
+6 0 1
+3 0 1
+3 0 1
+4 0 1
+4 0 1
+3 0 1
+52 0 1
+3 0 1
+8 0 1
+3 0 1
+3 0 1
+46 0 1
+7 0 1
+8 0 1
+4 0 1
+1 0 1
+1 0 1
+38 0 1
+4 0 1
+8 0 1

fn=(314)
0xa0bc0 0 1
+4 0 1
+7 0 1
+6 0 1
+3 0 1
+2 0 1
+6 0 1
+6 0 1
+2 0 1
+2 0 1
+2 0 1
+7 0 1
+3 0 1
+2 0 1
+6 0 1
+7 0 1
+58 0 1

fn=(338)
0x9fb30 0 1
+4 0 1
+7 0 1
+7 0 1
+7 0 1
+7 0 1
+4 0 1

fn=(342)
0xa0a00 0 1
+4 0 1
+7 0 1
+6 0 1
+6 0 1
+3 0 1
+2 0 1
+6 0 1
+46 0 1
+2 0 1
+2 0 1
+7 0 1
+3 0 1
+2 0 1
+7 0 1
+6 0 1
+2 0 1

fn=(564)
0x93d40 0 1
+4 0 1
+6 0 1
+6 0 1
+7 0 1
+2 0 1
+2 0 1
+9 0 1
+2 0 1
+8 0 1
+7 0 1
+7 0 1
+8 0 1
+8 0 1
+8 0 1
+8 0 1
+8 0 1
+8 0 1
+8 0 1
+8 0 1
+8 0 1
+8 0 1
+8 0 1
+8 0 1
+3 0 1
+2 0 1
+7 0 1
+8 0 1

fn=(628) _IO_file_stat
0x914d0 0 2
+4 0 2
+3 0 2
+3 0 2
+5 0 2
cfn=(630) _fxstat
calls=2 0x12dc40 0 
* 0 22

fn=(656)
0x94bb0 0 1
+4 0 1
+5 0 1
+10 0 1
+5 0 1
+8 0 1

fn=(730)
0x9ab50 0 21
+2 0 21
+2 0 21
+2 0 21
+2 0 21
+1 0 21
+1 0 21
+3 0 21
+4 0 21
+4 0 21
+4 0 21
+6 0 21
+3 0 21
+7 0 21
+3 0 21
+3 0 21
+6 0 21
+3 0 21
+4 0 21
+6 0 21
+4 0 21
+3 0 21
+4 0 21
+3 0 21
+4 0 21
+3 0 21
+6 0 21
+4 0 21
+6 0 21
+3 0 21
+2 0 21
+4 0 21
+6 0 14
+6 0 14
+6 0 14
+5 0 14
+3 0 14
cfn=(552)
calls=14 0x99640 0 
* 0 3696489
+5 0 14
+3 0 14
+3 0 14
+2 0 14
+4 0 14
+3 0 14
+88 0 21
+4 0 21
+3 0 21
+1 0 21
+1 0 21
+2 0 21
+2 0 21
+2 0 21
+2 0 21
0x9ace0 0 14
+3 0 14
+4 0 14
+4 0 14
+5 0 14
cob=(2)
cfi=(42)
cfn=(732)
calls=14 0x4fd7ab0 0 
* 0 320904
+5 0 14
+5 0 14
+3 0 14
+3 0 14
cfn=(666)
calls=14 0x98380 0 
* 0 1365
+5 0 14
+5 0 14
+38 0 7
+4 0 7
+5 0 7
+3 0 7
+6 0 7
+3 0 7
+7 0 7
+3 0 7
+3 0 7
+5 0 7
+4 0 7
+3 0 7
+5 0 7
+3 0 7
+4 0 7
+3 0 7
+4 0 7
+3 0 7
+4 0 7
+4 0 7
+4 0 7

fn=(764)
0x973d0 0 9
+2 0 9
+4 0 9
+2 0 9
+2 0 9
+4 0 9
+2 0 9
+3 0 9
+1 0 9
+1 0 9
+4 0 9
+7 0 9
+4 0 9
+2 0 9
+4 0 9
+3 0 9
-9 0 81
+2 0 81
+4 0 81
+3 0 81
+2 0 90
+4 0 90
+4 0 90
+2 0 9
+4 0 9
+1 0 9
+1 0 9
+2 0 9
+2 0 9
+2 0 9
+2 0 9
+9 0 97091
+6 0 97091
+6 0 72091
+5 0 72091
+5 0 72091
+5 0 72091
+4 0 72091
+7 0 72091
-21 0 25000
+5 0 25000
+5 0 25000
+4 0 25000
+7 0 25000
+2 0 8853
+8 0 8853
+8 0 8853
+3 0 8853
+4 0 8853
+4 0 8853
+4 0 8853
+4 0 8853
+4 0 8853
+4 0 8853
+3 0 8853
+3 0 8853
-33 0 88238
+3 0 88238
+4 0 88238
+4 0 88238
+4 0 88238
+4 0 88238
+4 0 88238
+4 0 88238
+3 0 88238
+3 0 88238
-6 0 1
+3 0 1
+3 0 1
+2 0 97092
+3 0 97092
+6 0 97092
+4 0 97092
+2 0 97092
+3 0 97092
+3 0 97092
+5 0 97092
+3 0 97092
+6 0 97092
+3 0 97092
+4 0 97092
+4 0 97092
+4 0 97092
+4 0 97092
+4 0 97092
+3 0 97092
+4 0 97092
+3 0 97092
+4 0 97092
+3 0 97092
+2 0 70420
+3 0 70420
+3 0 70420
+3 0 70420
+4 0 70420
+4 0 70420
+3 0 70420
+6 0 70420
+3 0 70420
+5 0 70420
+5 0 70420
+5 0 70420
cfn=(740)
calls=70420 0x97300 0 
* 0 1290024
+5 0 70420
+5 0 70420
+5 0 70420
+5 0 70420
+5 0 70420
-5 0 26672
+5 0 26672
+6 0 1
+3 0 1
+4 0 1
+4 0 1
+5 0 1
+13 0 25000
+3 0 25000
+5 0 25000
+3 0 25000
+5 0 25000
cfn=(740)
calls=25000 0x97300 0 
* 0 453747
+5 0 25000
+5 0 25000
+5 0 25000

fn=(788) mremap
0x39de0 0 1
+4 0 1
+3 0 1
+5 0 1
+2 0 1
+6 0 1
+2 0 1

fn=(804) exit
0x50de0 0 1
+4 0 1
+1 0 1
+1 0 1
+5 0 1
+5 0 1
+7 0 1
+4 0 1
cfn=(806)
calls=1 0x50b90 0 
* 0 2351

fn=(874) _IO_do_write@@GLIBC_2.2.5
0x925c0 0 1
+4 0 1
+3 0 1
+9 0 1
+1 0 1
+3 0 1
cfn=(876) new_do_write
calls=1 0x90830 0 
* 0 102
+5 0 1
+3 0 1
+1 0 1
+3 0 1
+3 0 1
+2 0 1

fn=(300)
0xa04a0 0 1
+4 0 1
+7 0 1
+6 0 1
+6 0 1
+3 0 1
+2 0 1
+6 0 1
+2 0 1
+3 0 1
+2 0 1
+6 0 1
+6 0 1
+2 0 1
+2 0 1
+2 0 1
+7 0 1
+3 0 1
+2 0 1
+6 0 1
+7 0 1
+33 0 1

fn=(330)
0xa6e60 0 1
+4 0 1
+7 0 1
+7 0 1
+6 0 1
+2 0 1
+6 0 1
+6 0 1
+10 0 1
+6 0 1
+3 0 1
+2 0 1
+2 0 1
+2 0 1
+7 0 1
+3 0 1
+2 0 1
+3 0 1
+7 0 1
+7 0 1
+4 0 1

fn=(332)
0xa0c60 0 1
+4 0 1
+7 0 1
+6 0 1
+3 0 1
+2 0 1
+6 0 1
+6 0 1
+2 0 1
+2 0 1
+2 0 1
+7 0 1
+3 0 1
+2 0 1
+6 0 1
+7 0 1
+58 0 1

fn=(450)
0x13f190 0 1
+4 0 1
+3 0 1
+2 0 1
+1 0 1
+1 0 1
+4 0 1
+3 0 1
+3 0 1
+2 0 1
+3 0 1
+3 0 1
+5 0 1
cob=(2)
cfi=(42)
cfn=(452)
calls=1 0x4fd7bf0 0 
* 0 24
+5 0 1
+4 0 1
+3 0 1
+7 0 1
+4 0 1
+3 0 1
+7 0 1
+3 0 1
+3 0 1
+4 0 1
+1 0 1
+1 0 1

fn=(536) ptmalloc_init.part.0
0x970b0 0 1
+1 0 1
+5 0 1
+5 0 1
+7 0 1
+1 0 1
+4 0 1
+9 0 1
+5 0 1
+2 0 1
+10 0 1
cfn=(538)
calls=1 0x523a0 0 
* 0 10
+5 0 1
+4 0 1
+86 0 1
+8 0 1
+23 0 1
+7 0 1
+7 0 1
+5 0 1
+4 0 1
cfn=(546)
calls=1 0x969d0 0 
* 0 647
+5 0 1
+7 0 1
+3 0 1
+5 0 1
cob=(2)
cfi=(42)
cfn=(548)
calls=1 0x4fd7a40 0 
* 0 22
+5 0 1
+7 0 1
+3 0 1
+5 0 1
cob=(2)
cfi=(42)
cfn=(548)
calls=1 0x4fd7a40 0 
* 0 25
+5 0 1
+7 0 1
+3 0 1
+5 0 1
cob=(2)
cfi=(42)
cfn=(548)
calls=1 0x4fd7a40 0 
* 0 22
+5 0 1
+7 0 1
+3 0 1
+5 0 1
cob=(2)
cfi=(42)
cfn=(548)
calls=1 0x4fd7a40 0 
* 0 25
+5 0 1
+7 0 1
+3 0 1
+5 0 1
cob=(2)
cfi=(42)
cfn=(548)
calls=1 0x4fd7a40 0 
* 0 25
+5 0 1
+7 0 1
+3 0 1
+5 0 1
cob=(2)
cfi=(42)
cfn=(548)
calls=1 0x4fd7a40 0 
* 0 22
+5 0 1
+7 0 1
+3 0 1
+5 0 1
cob=(2)
cfi=(42)
cfn=(548)
calls=1 0x4fd7a40 0 
* 0 25
+5 0 1
+7 0 1
+3 0 1
+5 0 1
cob=(2)
cfi=(42)
cfn=(548)
calls=1 0x4fd7a40 0 
* 0 25
+5 0 1
+7 0 1
+3 0 1
+5 0 1
cob=(2)
cfi=(42)
cfn=(548)
calls=1 0x4fd7a40 0 
* 0 25
+5 0 1
+7 0 1
+3 0 1
+5 0 1
cob=(2)
cfi=(42)
cfn=(548)
calls=1 0x4fd7a40 0 
* 0 25
+5 0 1
+7 0 1
+3 0 1
+5 0 1
cob=(2)
cfi=(42)
cfn=(548)
calls=1 0x4fd7a40 0 
* 0 25
+5 0 1
+7 0 1
+3 0 1
+5 0 1
cob=(2)
cfi=(42)
cfn=(548)
calls=1 0x4fd7a40 0 
* 0 25
+5 0 1
+7 0 1
+3 0 1
+3 0 1
+4 0 1
+10 0 1
+5 0 1
+9 0 1
+2 0 1
+4 0 1
+1 0 1
+1 0 1
+4 0 1
+2 0 1
+3 0 1
+5 0 1
+7 0 1
cfn=(540)
calls=1 0x178c50 0 
* 0 73191
+5 0 1
+2 0 1
+6 0 1
+4 0 1
+5 0 1
+6 0 1

fn=(552)
0x99640 0 1463064
+2 0 1463064
+4 0 1463064
+2 0 1463064
+2 0 1463064
+2 0 1463064
+1 0 1463064
+1 0 1463064
+7 0 1463064
+4 0 1463064
+6 0 1459889
+4 0 1459889
+4 0 1459889
+3 0 1459889
+3 0 1459889
+3 0 1459889
-3 0 3175
+3 0 3175
+6 0 1463064
+2 0 1463064
+6 0 1463064
+4 0 1463064
+3 0 1463064
+3 0 1463064
+6 0 1463064
+3 0 1463064
+4 0 1463064
+7 0 1463064
+6 0 1463021
+4 0 1463021
+4 0 1463021
+4 0 1463021
+3 0 1463021
+6 0 1365896
+3 0 1365896
+6 0 1365896
+7 0 1365896
+4 0 1365896
+5 0 1365896
+4 0 1365896
+3 0 1365896
+3 0 1365896
+4 0 1365896
+3 0 1365896
+3 0 1365896
+6 0 1365896
+4 0 1365896
+3 0 1365896
+3 0 1365896
+3 0 1365896
+6 0 1365896
+7 0 1365896
+4 0 1365896
+4 0 1365896
+4 0 1365896
+3 0 1365896
+6 0 1365896
+7 0 1365896
+6 0 1365896
+5 0 1365896
+7 0 1365896
+6 0 1140173
+4 0 1140173
+3 0 1140173
+6 0 1140111
+8 0 1140111
+3 0 1140111
+8 0 1366308
+4 0 1366308
+4 0 1366308
+3 0 1366308
+3 0 1366308
+3 0 1366308
+4 0 1366308
+3 0 1366308
+3 0 1366308
+3 0 1366308
+6 0 1366308
+4 0 1366308
+7 0 1366308
+4 0 1366308
+4 0 1366308
+4 0 1366308
+7 0 1366308
+4 0 1366308
+4 0 1366308
+7 0 1366308
+3 0 1366308
+3 0 1366308
+3 0 1366308
+3 0 1366308
+7 0 1366308
+6 0 226198
+4 0 226198
+3 0 226198
+6 0 1366308
+3 0 1366308
+14 0 3175
+2 0 3175
+6 0 3175
+8 0 43
+7 0 43
+6 0 14
+3 0 14
+3 0 14
+3 0 14
+3 0 14
+4 0 14
+3 0 14
+4 0 14
+5 0 14
+4 0 14
+4 0 14
+4 0 14
+5 0 14
+4 0 14
+4 0 14
+4 0 14
+5 0 14
+4 0 14
+4 0 14
+4 0 14
+5 0 14
+5 0 14
+3 0 14
+5 0 14
+5 0 14
+5 0 14
+5 0 14
+4 0 14
+5 0 14
+4 0 14
+2 0 12
+5 0 12
+4 0 12
+2 0 7
+5 0 7
+4 0 7
+6 0 2
+7 0 2
+4 0 2
+2 0 2
-6 0 12
+4 0 12
+2 0 12
+6 0 97028
+4 0 97028
+7 0 97028
+3 0 97028
+4 0 97028
+3 0 97028
+4 0 97028
+3 0 97028
+2 0 97027
+7 0 97027
+4 0 97027
+9 0 97027
+4 0 97027
+5 0 97027
+5 0 97027
+5 0 97027
+7 0 97027
+7 0 97027
+4 0 97027
+4 0 97027
+4 0 97027
+7 0 97027
+5 0 97027
+5 0 97027
+3 0 97027
+5 0 97027
+4 0 97027
+5 0 97027
+3 0 97027
+5 0 97027
+2 0 97027
+3 0 97027
0x998cd 0 1
+9 0 1
+4 0 1
+5 0 1
+5 0 1
+5 0 1
+7 0 1
+7 0 1
+4 0 1
+4 0 1
+4 0 1
+7 0 1
+5 0 1
+5 0 1
+3 0 1
+5 0 1
+4 0 1
+5 0 1
+3 0 1
+5 0 1
+2 0 1
+3 0 1
-73 0 2
+7 0 2
+7 0 2
+4 0 2
+4 0 2
+4 0 2
+7 0 2
+5 0 2
+5 0 2
+3 0 2
+5 0 2
+4 0 2
+5 0 2
+3 0 2
+5 0 2
+2 0 2
+3 0 2
-3 0 3042
+3 0 3042
+6 0 52262
+4 0 52262
+4 0 52262
+4 0 52262
+4 0 52262
+6 0 52262
+7 0 52262
+3 0 52262
+6 0 52262
+4 0 52262
+4 0 52262
+6 0 52262
+3 0 52262
+6 0 52262
+3 0 52262
+4 0 52262
+3 0 52262
+6 0 52262
+4 0 52262
+4 0 52262
+6 0 52262
+4 0 52262
+6 0 52262
+2 0 52262
+6 0 52262
+7 0 52262
+2 0 51155
+3 0 51155
+6 0 3055
+4 0 3055
+4 0 3055
+3 0 3055
+6 0 2139
+7 0 2139
+6 0 2035
+3 0 2035
+4 0 2035
+2 0 2035
+3 0 2035
+5 0 2035
+4 0 2035
+3 0 2035
+3 0 2035
+6 0 2035
+6 0 2035
+2 0 2035
+3 0 2035
+8 0 2035
+5 0 2035
+4 0 2035
+4 0 2035
+4 0 2035
+4 0 2035
+3 0 2035
-52 0 104
+3 0 104
+6 0 104
+6 0 104
+2 0 104
+3 0 104
+8 0 104
+5 0 104
+4 0 104
+4 0 104
+4 0 104
+4 0 104
+3 0 104
+26 0 903
+5 0 903
+4 0 903
+4 0 903
+7 0 903
+3 0 903
+6 0 903
+3 0 903
+4 0 903
+3 0 903
+7 0 903
+5 0 903
+8 0 903
+90 0 97154
+7 0 97154
+2 0 97154
+5 0 97154
+4 0 97154
+4 0 97154
+3 0 97154
+6 0 140
+4 0 140
+4 0 140
+6 0 140
+7 0 140
+6 0 140
+4 0 140
+4 0 140
+3 0 140
+7 0 140
+7 0 140
+4 0 140
+3 0 140
+2 0 140
+4 0 140
+4 0 140
+7 0 140
+2 0 140
+4 0 140
+7 0 140
+7 0 140
+4 0 140
+4 0 140
+4 0 140
-4 0 11
+4 0 11
+5 0 117
+4 0 117
+3 0 117
+2 0 11
+3 0 11
+6 0 151
+3 0 151
+2 0 34
+9 0 34
+6 0 34
+4 0 34
+2 0 34
-12 0 1366002
+6 0 1366002
+4 0 1366002
+2 0 1366002
0x99c00 0 5
+3 0 5
cfn=(764)
calls=5 0x973d0 0 
* 0 3965970
+5 0 5
+8 0 97014
+3 0 97014
+3 0 97014
+3 0 97014
+3 0 97014
+4 0 97014
+4 0 97014
+5 0 97014
+5 0 97014
+5 0 97014
+4 0 97014
+3 0 97014
+4 0 97014
+4 0 97014
+2 0 97014
+3 0 97014
+5 0 97014
+4 0 97014
+2 0 97014
+3 0 97014
+5 0 97014
+4 0 97014
+2 0 97014
+3 0 97014
+5 0 97014
+4 0 97014
+3 0 97014
+4 0 97014
+4 0 97014
+4 0 97014
+3 0 97014
+4 0 97014
+14 0 916
+4 0 916
+4 0 916
+7 0 916
+3 0 916
+7 0 916
+6 0 916
+4 0 916
+2 0 916
+4 0 916
+3 0 916
+5 0 916
+6 0 13
+6 0 13
+2 0 13
+6 0 1463064
+7 0 1463064
+3 0 1463064
+1 0 1463064
+1 0 1463064
+2 0 1463064
+2 0 1463064
+2 0 1463064
+2 0 1463064
+22 0 2139
+4 0 2139
0x99d68 0 104
+3 0 104
+4 0 104
+4 0 104
+6 0 29
+3 0 29
+4 0 29
+4 0 29
+6 0 10
+3 0 10
+4 0 10
+3 0 10
+5 0 10
+3 0 10
+4 0 10
+3 0 10
-22 0 94
+4 0 94
+3 0 94
+5 0 94
+3 0 94
+4 0 94
+3 0 94
+6 0 66
+4 0 66
+4 0 66
+4 0 66
+4 0 66
+6 0 66
+3 0 66
+6 0 2
+4 0 2
+4 0 2
+4 0 2
+4 0 2
+2 0 2
+4 0 2
+10 0 2139
+3 0 2139
+6 0 2139
+15 0 46907
+7 0 46907
+2 0 14
+4 0 14
+5 0 14
+2 0 14
+5 0 14
+3 0 14
+4 0 14
+3 0 14
+2 0 1
+4 0 1
+6 0 46906
+4 0 46906
+3 0 46906
+2 0 46906
+2 0 46906
+5 0 46906
+5 0 46906
+3 0 46906
+2 0 46906
+3 0 46906
+8 0 46906
+4 0 46906
+2 0 46906
-2 0 359
+2 0 359
+6 0 2179
+2 0 2179
+14 0 6736
+4 0 6736
+2 0 6736
+6 0 9081
+2 0 9081
+2 0 2345
+4 0 2345
+3 0 2345
+6 0 359
+2 0 359
+4 0 359
+2 0 359
+2 0 359
+2 0 359
+8 0 359
+23 0 75
+3 0 75
+5 0 903
+5 0 903
+5 0 903
+3 0 903
+6 0 903
+4 0 903
+3 0 903
+4 0 903
+7 0 903
+4 0 903
+3 0 903
+7 0 903
+4 0 903
+9 0 50646
+4 0 50646
+6 0 50635
+5 0 50635
+6 0 49207
+4 0 49207
+3 0 49207
+4 0 49207
+4 0 49207
+4 0 49207
+4 0 49207
+4 0 49207
+7 0 49207
+2 0 44628
+8 0 44628
+8 0 44628
+7 0 44628
+3 0 44628
+3 0 44628
+3 0 44628
+4 0 44628
+3 0 44628
+4 0 44628
+4 0 44628
+3 0 44628
+4 0 44628
+4 0 44628
+6 0 44628
+3 0 44628
+4 0 44628
+2 0 44628
-57 0 4579
+7 0 4579
+3 0 4579
+3 0 4579
+3 0 4579
+4 0 4579
+3 0 4579
+4 0 4579
+4 0 4579
+3 0 4579
+4 0 4579
+4 0 4579
+6 0 4579
+3 0 4579
+4 0 4579
+2 0 4579
+30 0 5
+4 0 5
+4 0 5
+4 0 5
+28 0 135002
+3 0 135002
+8 0 135002
+2 0 135002
+6 0 179922
+3 0 179922
+3 0 179922
+2 0 44920
+4 0 44920
+4 0 44920
+4 0 44920
+7 0 44920
+6 0 44920
+4 0 44920
+3 0 44920
+6 0 18
+4 0 18
+2 0 18
+6 0 2
+3 0 2
cfn=(764)
calls=2 0x973d0 0 
* 0 22118
+5 0 2
+4 0 2
+4 0 2
+7 0 2
+69 0 2
+5 0 2
+4 0 2
+22 0 11
+4 0 11
+6 0 11
+3 0 11
+7 0 11
+4 0 11
+4 0 11
+4 0 11
+4 0 11
+3 0 11
+4 0 11
+7 0 11
+4 0 11
+4 0 11
+7 0 11
+4 0 11
+59 0 38
+4 0 38
+2 0 38
+3 0 38
+4 0 38
+11 0 19
+3 0 19
+4 0 19
+4 0 19
+6 0 6
+3 0 6
+28 0 64
+4 0 64
+3 0 64
+34 0 64
+3 0 64
+2 0 64
+2 0 5
+4 0 5
+4 0 5
+4 0 5
+4 0 5
+4 0 5
+6 0 5
+4 0 5
+4 0 5
+4 0 5
+3 0 5
+4 0 5
+4 0 5
-8 0 59
+4 0 59
+4 0 59
+6 0 64
+2 0 64
+5 0 47810
+3 0 47810
+6 0 903
+9 0 166
+2 0 166
+3 0 166
+3 0 166
+5 0 166
+5 0 166
+5 0 13
+3 0 13
+4 0 13
+4 0 13
+2 0 8
+3 0 8
+5 0 59
+4 0 59
+2 0 5
+3 0 5
+5 0 5
+4 0 5
+4 0 5
+4 0 5
+3 0 5
+5 0 1986
+4 0 1986
+4 0 1986
+3 0 1986
+6 0 1986
+3 0 1986
+3 0 1986
+3 0 1986
cfn=(740)
calls=1986 0x97300 0 
* 0 36484
+5 0 1986
+4 0 1986
+6 0 1431
+4 0 1431
+4 0 1431
+4 0 1431
+6 0 1431
+4 0 1431
+4 0 1431
+4 0 1431
+4 0 1431
+7 0 1431
+2 0 1429
+4 0 1429
+7 0 1429
-7 0 2
+7 0 2
+2 0 103
+8 0 103
+8 0 103
+7 0 103
+3 0 103
+3 0 103
+3 0 103
+4 0 103
+3 0 103
+4 0 103
+4 0 103
+3 0 103
+4 0 103
+4 0 103
+4 0 103
+6 0 103
+4 0 103
+2 0 103
-58 0 1329
+7 0 1329
+3 0 1329
+3 0 1329
+3 0 1329
+4 0 1329
+3 0 1329
+4 0 1329
+4 0 1329
+3 0 1329
+4 0 1329
+4 0 1329
+4 0 1329
+6 0 1329
+4 0 1329
+2 0 1329
-12 0 555
+6 0 555
+4 0 555
+2 0 555
+35 0 555
+7 0 555
+6 0 555
+3 0 555
+40 0 44902
+7 0 44902
+3 0 44902
+4 0 44902
+3 0 44902
+4 0 44902
+3 0 44902
+4 0 44902
+4 0 44902
+3 0 44902
+4 0 44902
+3 0 44902
+4 0 44902
+4 0 44902
+4 0 44902
+6 0 44902
+2 0 44902
+11 0 16
+3 0 16
+3 0 16
cfn=(554)
calls=16 0x98dd0 0 
* 0 2887
+5 0 16
+3 0 16
+3 0 16
+6 0 16
+6 0 16
+2 0 16
+66 0 1
+4 0 1
+6 0 1
+4 0 1
+3 0 1
+4 0 1
+3 0 1
+2 0 1
+4 0 1
+14 0 1
+3 0 1
+3 0 1
+3 0 1
cfn=(740)
calls=1 0x97300 0 
* 0 31
+5 0 1
+4 0 1
+6 0 1
+4 0 1
+4 0 1
+4 0 1
+6 0 1
+4 0 1
+4 0 1
+4 0 1
+4 0 1
+7 0 1
+6 0 1

fn=(572)
0x91f90 0 1
+4 0 1
+2 0 1
+2 0 1
+1 0 1
+3 0 1
+1 0 1
+3 0 1
+3 0 1
+2 0 1
+2 0 1
+4 0 1
+6 0 1
cfn=(574)
calls=1 0x12e2f0 0 
* 0 29
+5 0 1
+3 0 1
+3 0 1
+6 0 1
+2 0 1
+2 0 1
+6 0 1
+4 0 1
+6 0 1
+5 0 1
+2 0 1
+2 0 1
+6 0 1
+59 0 1
+3 0 1
cfn=(568)
calls=1 0x92e80 0 
* 0 17
+5 0 1
+3 0 1
+1 0 1
+1 0 1
+2 0 1

fn=(596) calloc
0x9c0f0 0 1414837
+4 0 1414837
+3 0 1414837
+2 0 1414837
+5 0 1414837
+2 0 1414837
+3 0 1414837
+2 0 1414837
+1 0 1414837
+3 0 1414837
+1 0 1414837
+4 0 1414837
+3 0 1414837
+11 0 1414837
+7 0 1414837
+3 0 1414837
+3 0 1414837
+6 0 1414837
+7 0 1414837
+5 0 1414837
+6 0 1414837
+7 0 1414837
+4 0 1414837
+3 0 1414837
+6 0 1414837
+7 0 1414837
+7 0 1414837
+4 0 1414837
+4 0 1414837
+3 0 1414837
+3 0 1414837
cfn=(552)
calls=1414837 0x99640 0 
* 0 151352318
+5 0 1414837
+3 0 1414837
+3 0 1414837
+6 0 1414837
+4 0 1414837
+3 0 1414837
+28 0 1414837
+1 0 1414837
+3 0 1414837
+1 0 1414837
+2 0 1414837
+2 0 1414837
+2 0 1414837
+8 0 1414837
+7 0 1414837
+3 0 1414837
+6 0 1414837
+3 0 1414837
+6 0 1414837
+4 0 1414837
+2 0 1414837
+6 0 1414837
+6 0 1414837
+4 0 1414837
+2 0 1414837
+2 0 1414837
+4 0 1414837
+3 0 1414837
+2 0 22598
+3 0 22598
+4 0 22598
+4 0 22598
+4 0 22598
-8 0 1392239
+4 0 1392239
+4 0 1392239
+6 0 1414837
+4 0 1414837
+6 0 1241089
+7 0 1241089
+8 0 1241089
+8 0 1241089
+4 0 1241089
+6 0 60793
+8 0 60793
+8 0 60793
+4 0 60793
+6 0 44810
+8 0 44810
+8 0 44810
+4 0 44810
+6 0 42507
+8 0 42507
+8 0 42507
0x9c3b0 0 173748
+3 0 173748
+2 0 173748
cob=(2)
cfi=(42)
cfn=(598)
calls=173748 0x4fd7b50 0 
* 0 3769380
+5 0 173748
+3 0 173748

fn=(620)
0x93860 0 15
+4 0 15
+1 0 15
+7 0 15
+7 0 15
+1 0 15
+3 0 15
+3 0 15
+4 0 15
+7 0 15
+3 0 15
+3 0 15
+3 0 15
+2 0 15
+3 0 15
cfn=(622)
calls=15 0x925f0 0 
* 0 1755
+3 0 15
+3 0 15
+2 0 15
+4 0 15
+4 0 15
+4 0 15
+3 0 15
+4 0 15
+1 0 15
+1 0 15

fn=(638) read
0x12e5e0 0 15
+4 0 15
+7 0 15
+2 0 15
+2 0 15
+2 0 15
+2 0 15
+2 0 15
+6 0 15
+2 0 15

fn=(782)
0x138610 0 1
+4 0 1
+7 0 1
+2 0 1
+2 0 1
+3 0 1
+2 0 1
+3 0 1
+2 0 1
+3 0 1
+2 0 1
+3 0 1
+1 0 1
+3 0 1
+1 0 1
+3 0 1
+3 0 1
+2 0 1
+3 0 1
+3 0 1
+3 0 1
+3 0 1
+3 0 1
+3 0 1
+5 0 1
+2 0 1
+6 0 1
+2 0 1
+1 0 1
+1 0 1
+2 0 1
+2 0 1
+2 0 1
+2 0 1
+39 0 1
+3 0 1

fn=(786)
0x96f50 0 1
+7 0 1
+2 0 1
+1 0 1
+4 0 1
+1 0 1
+4 0 1
+3 0 1
+3 0 1
+4 0 1
+2 0 1
+6 0 1
+3 0 1
+4 0 1
+4 0 1
+3 0 1
+3 0 1
+3 0 1
+3 0 1
+3 0 1
+3 0 1
+4 0 1
+3 0 1
+3 0 1
+6 0 1
+5 0 1
+3 0 1
+3 0 1
+3 0 1
+3 0 1
+2 0 1
+2 0 1
+5 0 1
+3 0 1
+3 0 1
+3 0 1
cfn=(788)
calls=1 0x39de0 0 
* 0 7
+5 0 1
+4 0 1
+2 0 1
+4 0 1
+4 0 1
+6 0 1
+3 0 1
+6 0 1
+3 0 1
+3 0 1
+3 0 1
+3 0 1
+4 0 1
+4 0 1
+9 0 1
+3 0 1
+7 0 1
+3 0 1
+2 0 1
+9 0 1
+2 0 1
+1 0 1
+3 0 1
+1 0 1
+2 0 1

fn=(840) __unregister_atfork
0x960c0 0 2
+4 0 2
+3 0 2
+5 0 2
+2 0 2
+7 0 2
+14 0 2
+7 0 2
+28 0 2
+7 0 2
+3 0 2
+54 0 2
+7 0 2
+13 0 2
+6 0 2
+28 0 2

fn=(876)
0x90830 0 1
+2 0 1
+3 0 1
+2 0 1
+7 0 1
+2 0 1
+3 0 1
+2 0 1
+1 0 1
+7 0 1
+1 0 1
+3 0 1
+3 0 1
+4 0 1
+7 0 1
+3 0 1
+3 0 1
+6 0 1
+13 0 1
+3 0 1
+6 0 1
+3 0 1
+3 0 1
+3 0 1
cfn=(878) _IO_file_write@@GLIBC_2.2.5
calls=1 0x914f0 0 
* 0 47
+5 0 1
+7 0 1
+3 0 1
+3 0 1
+11 0 1
+4 0 1
+6 0 1
+4 0 1
+4 0 1
+4 0 1
+4 0 1
+4 0 1
+2 0 1
+2 0 1
+4 0 1
+4 0 1
+4 0 1
+3 0 1
+1 0 1
+1 0 1
+2 0 1
+2 0 1
+2 0 1
+2 0 1
+6 0 1
+4 0 1
+4 0 1
+3 0 1
+61 0 1
+6 0 1
+2 0 1

fn=(304)
0x9efe0 0 1
+4 0 1
+7 0 1
+6 0 1
+6 0 1
+3 0 1
+2 0 1
+6 0 1
+46 0 1
+2 0 1
+2 0 1
+7 0 1
+3 0 1
+2 0 1
+7 0 1
+6 0 1
+2 0 1

fn=(472) (below main)
0x3a700 0 1
+4 0 1
+1 0 1
+2 0 1
+3 0 1
+1 0 1
+7 0 1
+5 0 1
+7 0 1
+5 0 1
+4 0 1
+3 0 1
+2 0 1
+2 0 1
+2 0 1
+2 0 1
+3 0 1
+6 0 1
+3 0 1
+2 0 1
+2 0 1
+2 0 1
+3 0 1
cfn=(474)
calls=1 0x510f0 0 
* 0 71
+5 0 1
+7 0 1
+2 0 1
+3 0 1
+6 0 1
+3 0 1
+2 0 1
+7 0 1
+5 0 1
+4 0 1
+3 0 1
cob=(6)
cfi=(77)
cfn=(480) __libc_csu_init
calls=1 0x405c00 0 
* 0 53
+2 0 1
+7 0 1
+3 0 1
cob=(2)
cfi=(42)
cfn=(492)
calls=1 0x4fd7ac0 0 
* 0 7
+5 0 1
+2 0 1
+6 0 1
+5 0 1
cfn=(496)
calls=1 0x23420 0 
* 0 34
+5 0 1
+4 0 1
+2 0 1
+2 0 1
+9 0 1
+5 0 1
+9 0 1
+5 0 1
+5 0 1
+9 0 1
+7 0 1
+5 0 1
+4 0 1
+3 0 1
+5 0 1
cob=(6)
cfi=(78) /h/esolim01/cs40/um_profiling/um.c
cfn=(502) main
calls=1 0x400de6 53 
* 0 41429323499

fn=(316)
0x9f090 0 1
+4 0 1
+7 0 1
+6 0 1
+6 0 1
+3 0 1
+2 0 1
+6 0 1
+46 0 1
+2 0 1
+2 0 1
+7 0 1
+3 0 1
+2 0 1
+7 0 1
+6 0 1
+2 0 1

fn=(526) fopen@@GLIBC_2.2.5
0x86270 0 1
+4 0 1
+5 0 1
cfn=(528)
calls=1 0x86170 0 
* 0 75422

fn=(556)
0x9cf60 0 16
+4 0 16
+4 0 16
cfn=(558)
calls=16 0x134640 0 
* 0 888
+5 0 16
+5 0 16
+4 0 16
+4 0 16
+4 0 16

fn=(580)
0xaa480 0 1
+4 0 1
+4 0 1
+2 0 1
+5 0 1
+5 0 1
+4 0 1
+5 0 1
+6 0 1
+4 0 1
+4 0 1
+4 0 1
+4 0 1
+4 0 1
+2 0 1
+6 0 1
+4 0 1
+4 0 1
+9 0 1
+2 0 1
+3 0 1

fn=(616) getc
0x8e020 0 120440
+4 0 120440
+1 0 120440
+3 0 120440
+4 0 120440
0x8e0f8 0 120440
+4 0 120440
+4 0 120440
+2 0 120425
+4 0 120425
+4 0 120425
+3 0 120425
+1 0 120425
+2 0 120425
+24 0 15
+1 0 15
cfn=(618)
calls=15 0x93600 0 
* 0 2654

fn=(626) _IO_file_doallocate
0x85700 0 2
+4 0 2
+2 0 2
+1 0 2
+3 0 2
+1 0 2
+7 0 2
+9 0 2
+8 0 2
+2 0 2
+3 0 2
+2 0 2
+6 0 2
+7 0 2
+7 0 2
+7 0 2
+3 0 2
+3 0 2
+3 0 2
+3 0 2
+6 0 2
+3 0 2
+3 0 2
cfn=(628)
calls=2 0x914d0 0 
* 0 32
+6 0 2
+2 0 2
+2 0 2
+4 0 2
+5 0 2
+5 0 2
+2 0 2
+5 0 2
+4 0 2
+6 0 2
+2 0 2
+3 0 2
cob=(2)
cfi=(42)
cfn=(530)
calls=2 0x4fd7990 0 
* 0 340149
+5 0 2
+3 0 2
+5 0 2
+3 0 2
+2 0 2
+4 0 2
+5 0 2
+3 0 2
cfn=(632)
calls=2 0x93720 0 
* 0 38
+5 0 2
+5 0 2
+8 0 2
+9 0 2
+6 0 2
+7 0 2
+1 0 2
+1 0 2
+2 0 2
+11 0 1
+5 0 1
+11 0 1
+5 0 1
+3 0 1
+4 0 1
+4 0 1
+5 0 1
+6 0 1
+2 0 1
+5 0 1
+3 0 1
+19 0 1
+7 0 1
+3 0 1
+4 0 1
cfn=(778)
calls=1 0x1302f0 0 
* 0 39
+5 0 1
+4 0 1
+2 0 1
+2 0 1

fn=(636)
0x91ac0 0 15
+4 0 15
+3 0 15
+3 0 15
+4 0 15
+2 0 15
cfn=(638)
calls=15 0x12e5e0 0 
* 0 150

fn=(670)
0x93f20 0 1
+4 0 1
+1 0 1
+3 0 1
+4 0 1
+3 0 1
+7 0 1
+4 0 1
+3 0 1
+19 0 1
+4 0 1
+3 0 1
+15 0 1
+3 0 1
+15 0 1
+1 0 1

fn=(740)
0x97300 0 97414
+4 0 97414
+4 0 97414
+3 0 97414
+4 0 97414
+4 0 97414
+6 0 97414
+4 0 97414
+4 0 97414
+4 0 97414
+2 0 97414
+4 0 97414
+2 0 97414
+4 0 97414
+4 0 97414
+7 0 97414
+2 0 8842
+4 0 8842
+3 0 8842
+2 0 45
+4 0 45
+2 0 45
+4 0 45
+4 0 45
+2 0 45
+5 0 45
+2 0 45
+4 0 45
+4 0 45
+4 0 45
+4 0 45
-4 0 97369
+4 0 97369

fn=(784)
0x982b0 0 1
+2 0 1
+2 0 1
+1 0 1
+1 0 1
+4 0 1
+7 0 1
+4 0 1
+4 0 1
+4 0 1
+3 0 1
+2 0 1
+7 0 1
+3 0 1
+4 0 1
+3 0 1
+3 0 1
+3 0 1
+33 0 1
+2 0 1
+4 0 1
+1 0 1
+1 0 1
+2 0 1
+2 0 1

fn=(838)
0x51100 0 2
+4 0 2
+2 0 2
+5 0 2
+2 0 2
+2 0 2
+2 0 2
+2 0 2
+1 0 2
+3 0 2
+1 0 2
+4 0 2
+7 0 2
+7 0 2
+12 0 2
+5 0 2
+25 0 2
+7 0 2
+3 0 2
+6 0 2
+4 0 2
+4 0 2
+4 0 2
+5 0 2
+3 0 2
+2 0 2
0x51250 0 2
+3 0 2
+3 0 2
+6 0 2
+7 0 2
+3 0 2
+2 0 2
+8 0 2
+4 0 2
+4 0 2
+4 0 2
+5 0 2
+3 0 2
+2 0 2
+46 0 2
+3 0 2
+3 0 2
+2 0 2
+3 0 2
+2 0 2
+3 0 2
cfn=(840)
calls=2 0x960c0 0 
* 0 32
+5 0 2
+7 0 2
+11 0 2
+4 0 2
+25 0 2
+4 0 2
+1 0 2
+1 0 2
+2 0 2
+2 0 2
+2 0 2
+2 0 2

fn=(872)
0x94100 0 1
+4 0 1
+2 0 1
+3 0 1
+2 0 1
+2 0 1
+2 0 1
+1 0 1
+1 0 1
+4 0 1
+9 0 1
+5 0 1
+2 0 1
+6 0 1
+4 0 1
+2 0 1
+42 0 1
+9 0 1
+7 0 1
+2 0 1
+5 0 1
+2 0 1
+7 0 1
+14 0 1
+7 0 1
+28 0 1
+7 0 1
+6 0 1
+7 0 1
+2 0 1
+3 0 1
+6 0 1
+3 0 1
+6 0 1
+7 0 1
+7 0 1
+9 0 1
+3 0 1
+27 0 1
+7 0 1
+3 0 1
+3 0 1
+3 0 1
+6 0 1
+5 0 1
+3 0 1
cfn=(776)
calls=1 0x928b0 0 
* 0 138
+3 0 1
+3 0 1
+5 0 1
+3 0 1
+3 0 1
-3 0 2
+3 0 2
+80 0 3
+11 0 3
+4 0 3
+3 0 3
+6 0 3
+7 0 3
+3 0 3
+88 0 3
+6 0 3
+2 0 3
+6 0 3
+4 0 3
+4 0 3
+6 0 2
+10 0 1
+6 0 1
+3 0 1
+6 0 1
+2 0 1
+2 0 1
+11 0 1
+7 0 1
+13 0 1
+6 0 1
+28 0 1
+4 0 1
+2 0 1
+31 0 1
+5 0 1
+9 0 1
+2 0 1
+2 0 1
+4 0 1
+1 0 1
+1 0 1
+2 0 1
+2 0 1
+2 0 1
+2 0 1
+7 0 1
+9 0 1
+7 0 1
+5 0 1

fn=(886) _IO_file_sync@@GLIBC_2.2.5
0x90680 0 1
+4 0 1
+1 0 1
+1 0 1
+3 0 1
+4 0 1
+4 0 1
+4 0 1
+3 0 1
+56 0 1
+4 0 1
+4 0 1
+65 0 1
+11 0 1
+2 0 1
+4 0 1
+1 0 1
+1 0 1

fn=(328)
0x9f530 0 1
+4 0 1
+7 0 1
+7 0 1
+6 0 1
+2 0 1
+6 0 1
+6 0 1
+10 0 1
+6 0 1
+3 0 1
+2 0 1
+2 0 1
+2 0 1
+7 0 1
+3 0 1
+2 0 1
+3 0 1
+7 0 1
+7 0 1
+4 0 1

fn=(336)
0xe5f70 0 1
+4 0 1
+7 0 1
+6 0 1
+2 0 1
+5 0 1
+5 0 1
+35 0 1
+6 0 1
+6 0 1
+2 0 1
+2 0 1
+2 0 1
+7 0 1
+3 0 1
+2 0 1
+6 0 1
+7 0 1
+2 0 1

fn=(420)
0x179e30 0 1
+4 0 1
cfn=(422)
calls=1 0x473b0 0 
* 0 17

fn=(532)
0x9b2c0 0 1414841
+4 0 1414841
+7 0 1414841
+2 0 1414841
+1 0 1414841
+1 0 1414841
+3 0 1414841
+3 0 1414841
+6 0 1414840
+4 0 1414840
+4 0 1414840
+13 0 1414840
+3 0 1414840
+6 0 1414840
+2 0 1414840
+6 0 1414840
+7 0 1414840
+4 0 1414840
+3 0 1414840
+4 0 1414840
+5 0 1414840
+3 0 1414840
+6 0 1414840
+7 0 1414840
+6 0 48211
+7 0 48211
+2 0 48211
+2 0 48211
+6 0 48211
+3 0 48211
+7 0 48211
cfn=(552)
calls=48211 0x99640 0 
* 0 8729681
+5 0 48211
+3 0 48211
+3 0 48211
+6 0 48211
+4 0 48211
+2 0 48211
+2 0 48211
+2 0 48211
+28 0 48211
+1 0 48211
+3 0 48211
+1 0 48211
+2 0 48211
+9 0 1414840
+4 0 1414840
+4 0 1414840
+3 0 1414840
+61 0 1414838
+4 0 1414838
+3 0 1414838
+3 0 1414838
+6 0 1366629
+4 0 1366629
+7 0 1366629
+3 0 1366629
+6 0 1366629
+3 0 1366629
+3 0 1366629
+4 0 1366629
+3 0 1366629
+7 0 1366629
+3 0 1366629
+3 0 1366629
+8 0 1366629
+1 0 1366629
+1 0 1366629
+2 0 1366629
+46 0 1
+5 0 1
+1 0 1
+1 0 1
+2 0 1
cfn=(534) malloc_hook_ini
calls=1 0x9b5e0 0 
* 0 74996

fn=(533) malloc'2
0x9b2c0 0 1
+4 0 1
+7 0 1
+2 0 1
+1 0 1
+1 0 1
+3 0 1
+3 0 1
+6 0 1
+4 0 1
+4 0 1
+13 0 1
+3 0 1
+6 0 1
+2 0 1
+6 0 1
+7 0 1
+4 0 1
+3 0 1
+4 0 1
+5 0 1
+3 0 1
+19 0 1
+7 0 1
+2 0 1
+2 0 1
+6 0 1
+3 0 1
+7 0 1
cfn=(552)
calls=1 0x99640 0 
* 0 167
+5 0 1
+3 0 1
+3 0 1
+6 0 1
+4 0 1
+2 0 1
+2 0 1
+2 0 1
+28 0 1
+1 0 1
+3 0 1
+1 0 1
+2 0 1
+9 0 1
+4 0 1
+4 0 1
+3 0 1
+5 0 1
+7 0 1
+4 0 1
+6 0 1
cfn=(550)
calls=1 0x9a5a0 0 
* 0 527
+5 0 1
+7 0 1
+6 0 1
+5 0 1
+3 0 1
+6 0 1
+7 0 1
+4 0 1
+3 0 1
+3 0 1

fn=(534)
0x9b5e0 0 1
+4 0 1
+7 0 1
+7 0 1
+6 0 1
+2 0 1
+14 0 1
+4 0 1
+5 0 1
cfn=(536)
calls=1 0x970b0 0 
* 0 74230
+5 0 1
+5 0 1
+4 0 1
cfn=(533)
calls=1 0x9b2c0 0 
* 0 754

fn=(624)
0x93790 0 2
+4 0 2
+5 0 2
+7 0 2
+2 0 2
+1 0 2
+1 0 2
+2 0 2
+3 0 2
+2 0 2
+12 0 2
+7 0 2
+7 0 2
+7 0 2
+3 0 2
+3 0 2
+3 0 2
+3 0 2
+2 0 2
+3 0 2
cfn=(626)
calls=2 0x85700 0 
* 0 340382
+3 0 2
+3 0 2
+44 0 2
+1 0 2
+1 0 2
+2 0 2

fn=(630)
0x12dc40 0 2
+4 0 2
+2 0 2
+3 0 2
+2 0 2
+2 0 2
+3 0 2
+5 0 2
+2 0 2
+6 0 2
+2 0 2

fn=(658)
0x90770 0 1
+4 0 1
+3 0 1
cfn=(660)
calls=1 0x1337b0 0 
* 0 6

fn=(776)
0x928b0 0 2
+4 0 2
+2 0 2
+3 0 2
+6 0 2
+2 0 2
+1 0 2
+2 0 2
+1 0 2
+3 0 2
+4 0 2
+3 0 2
+2 0 1
+3 0 1
+6 0 1
+4 0 1
+3 0 1
-3 0 1
+3 0 1
+6 0 1
+4 0 1
+6 0 1
+4 0 1
+4 0 1
+3 0 1
+2 0 1
+2 0 1
+6 0 1
+3 0 1
+11 0 1
+4 0 1
+1 0 1
+1 0 1
+2 0 1
+4 0 1
+3 0 1
+10 0 1
+3 0 1
+6 0 1
+4 0 1
+3 0 1
+6 0 1
+4 0 1
+4 0 1
+6 0 1
+4 0 1
+4 0 1
+2 0 1
+3 0 1
+4 0 1
+4 0 1
+2 0 1
+2 0 1
+6 0 1
+6 0 1
+19 0 1
+4 0 1
+3 0 1
+1 0 1
+1 0 1
+2 0 1
+3 0 1
cfn=(874)
calls=1 0x925c0 0 
* 0 114
0x92a40 0 1
+3 0 1
cfn=(624)
calls=1 0x93790 0 
* 0 340111
+5 0 1
+4 0 1
+2 0 1
+4 0 1
+4 0 1
+4 0 1

fn=(780)
0x133e20 0 1
+4 0 1
+4 0 1
+5 0 1
+3 0 1
+5 0 1
+9 0 1
+5 0 1
+2 0 1
+3 0 1
+2 0 1
+2 0 1
+3 0 1
+6 0 1
0x133ebb 0 1
+5 0 1
+9 0 1
+2 0 1
+4 0 1
+1 0 1
+7 0 1
+2 0 1
+3 0 1
+5 0 1

fn=(796)
0x96e90 0 1
+4 0 1
+4 0 1
+7 0 1
+3 0 1
+4 0 1
+4 0 1
+3 0 1
+2 0 1
+7 0 1
+3 0 1
+2 0 1
+3 0 1
+3 0 1
+4 0 1
+4 0 1
+3 0 1
+3 0 1
+3 0 1
+3 0 1
+3 0 1
+3 0 1
+4 0 1
+3 0 1
+3 0 1
+2 0 1
+7 0 1
+3 0 1
+3 0 1
+8 0 1
+4 0 1
cfn=(798)
calls=1 0x39440 0 
* 0 6
+8 0 1
+7 0 1

fn=(878)
0x914f0 0 1
+4 0 1
+2 0 1
+2 0 1
+3 0 1
+1 0 1
+1 0 1
+4 0 1
+3 0 1
+6 0 1
+3 0 1
+3 0 1
+3 0 1
+5 0 1
cfn=(880)
calls=1 0x12e680 0 
* 0 10
+5 0 1
+3 0 1
+2 0 1
+3 0 1
+3 0 1
+3 0 1
+2 0 1
+5 0 1
+3 0 1
+3 0 1
+6 0 1
+29 0 1
+8 0 1
+3 0 1
+13 0 1
+4 0 1
+1 0 1
+1 0 1
+2 0 1
+2 0 1
+3 0 1
+3 0 1
+3 0 1

fn=(884)
0x93b00 0 1
+4 0 1
+2 0 1
+7 0 1
+3 0 1
+2 0 1
+1 0 1
+3 0 1
+7 0 1
+1 0 1
+3 0 1
+3 0 1
+4 0 1
+7 0 1
+3 0 1
+3 0 1
+3 0 1
+6 0 1
+3 0 1
cfn=(886)
calls=1 0x90680 0 
* 0 18
+5 0 1
+3 0 1
+6 0 1
+2 0 1
+4 0 1
+2 0 1
+3 0 1
+37 0 1
+8 0 1
+3 0 1
+8 0 1
+8 0 1
+8 0 1
+8 0 1
+8 0 1
+4 0 1
+1 0 1
+1 0 1
+2 0 1
+2 0 1
+4 0 1
+3 0 1
+7 0 1
+7 0 1
+2 0 1
+3 0 1
+2 0 1
+2 0 1
+2 0 1
+3 0 1
+4 0 1
+4 0 1
+2 0 1

fn=(888)
0x1083e0 0 1
+4 0 1
+2 0 1
+6 0 1
+5 0 1
+7 0 1

fn=(276)
0xe4d80 0 1
+2 0 1
+3 0 1
+2 0 1
+3 0 1
+2 0 1
+3 0 1
+2 0 1
+1 0 1
+1 0 1
+3 0 1
+3 0 1
+5 0 1
+3 0 1
+6 0 1
+8 0 1
+8 0 1
+7 0 1
+8 0 1
+6 0 1
+4 0 1
+4 0 1
+4 0 1
+4 0 1
+4 0 1
+4 0 1
+4 0 1
+3 0 1
+6 0 1
+5 0 1
+6 0 1
+3 0 1
+6 0 1
+5 0 1
+2 0 1
+6 0 1
+8 0 1
+6 0 1
+3 0 1
+3 0 1
+2 0 1
+3 0 1
-11 0 3
+3 0 3
+3 0 3
+2 0 3
+3 0 3
+23 0 3
+3 0 3
+2 0 1
+4 0 1
+2 0 1
+3 0 1
+2 0 1
+4 0 1
+5 0 1
+4 0 1
+2 0 1
+3 0 1
+4 0 1
+3 0 1
+13 0 3
+2 0 3
+33 0 1
+3 0 1
+2 0 1
+2 0 1
+2 0 1
+3 0 1
+3 0 1
+2 0 1
+3 0 1
+3 0 1
+5 0 1
+32 0 1
+1 0 1
+1 0 1
+3 0 1
+2 0 1
+3 0 1
+4 0 1
+2 0 1
+2 0 1
+2 0 1
+5 0 4
+2 0 4
+2 0 4
+2 0 4
+3 0 4
+3 0 4
+3 0 4
+6 0 1
+4 0 1
+6 0 1
+3 0 1
+4 0 1
+5 0 1
+4 0 1
+3 0 1
+6 0 1
+5 0 1
+4 0 1
+3 0 1
+3 0 1
+3 0 1
+6 0 1
+5 0 1
+6 0 1
+5 0 1
+4 0 1
+4 0 1
+3 0 1
+3 0 1
+2 0 1
+3 0 1
+3 0 1
+2 0 1
+3 0 1
+4 0 1
+2 0 1
+6 0 1
+5 0 1
+2 0 1
+2 0 1
+3 0 1
+6 0 1
+2 0 1
+2 0 1
+2 0 1
+5 0 1
+6 0 1
+6 0 1
+6 0 1
+6 0 1
+3 0 1
+3 0 1
+2 0 1
+2 0 1
+6 0 1
+6 0 1
+2 0 1
+2 0 1
+2 0 1
+2 0 1
+6 0 1
-6 0 1
+6 0 1
+2 0 1
+4 0 1
+2 0 1
+5 0 1
+5 0 1
+3 0 1
+3 0 1
+4 0 1
+2 0 1
+2 0 1
+2 0 1
+4 0 1
+3 0 1
-3 0 1
+3 0 1
+2 0 1
+5 0 1
+3 0 1
+6 0 1
+4 0 1
+5 0 1
+2 0 1
+6 0 1
+5 0 1
+6 0 1
+4 0 1
+3 0 1
+3 0 1
+5 0 1
+68 0 1
+4 0 1
+6 0 1
+3 0 1
+5 0 1
+6 0 1
+5 0 1
+5 0 1
+3 0 1
+2 0 1
+2 0 1
+2 0 1
+4 0 1
+4 0 1

fn=(286)
0x9f7f0 0 1
+4 0 1
+7 0 1
+7 0 1
+6 0 1
+2 0 1
+6 0 1
+6 0 1
+10 0 1
+6 0 1
+3 0 1
+2 0 1
+2 0 1
+2 0 1
+7 0 1
+3 0 1
+2 0 1
+3 0 1
+7 0 1
+7 0 1
+4 0 1

fn=(290)
0x179e40 0 4
+4 0 4
+4 0 4
+3 0 4
+9 0 4
+5 0 4
+2 0 4
+7 0 4
+7 0 4
+3 0 4
+94 0 4
+5 0 4
+9 0 4
+3 0 4
+2 0 4
+4 0 4

fn=(298)
0xa0770 0 1
+4 0 1
+7 0 1
+7 0 1
+6 0 1
+3 0 1
+2 0 1
+6 0 1
+6 0 1
+2 0 1
+3 0 1
+2 0 1
+2 0 1
+6 0 1
+6 0 1
+34 0 1
+3 0 1
0xa0878 0 1
+6 0 1
+7 0 1
+7 0 1
+4 0 1

ob=(5)
fl=(76)
fn=(844) 0x0000000000000620
0x620 0 1
+7 0 1
+7 0 1
+3 0 1
+23 0 1

fn=(826)
0x690 0 1
+4 0 1
+7 0 1
+2 0 1
+1 0 1
+8 0 1
+3 0 1
+2 0 1
+7 0 1
cob=(2)
cfi=(42)
cfn=(832)
calls=1 0x4a325f0 0 
* 0 809
+5 0 1
cfn=(844)
calls=1 0x620 0 
* 0 5
+5 0 1
+7 0 1
+1 0 1

fn=(442)
0x650 0 1
+7 0 1
+7 0 1
+3 0 1
+4 0 1
+3 0 1
+4 0 1
+3 0 1
+3 0 1
+22 0 1
+72 0 1
+4 0 1

ob=(6)
fl=(86) /usr/sup/src/cii40/src/seq.c
fn=(676) Seq_addhi
0x4055b9 89 1431094
+1 * 1431094
+3 * 1431094
+1 * 1431094
+4 * 1431094
+4 * 1431094
+4 * 1431094
+5 * 1431094
+29 +3 1431094
+4 * 1431094
+3 * 1431094
+4 * 1431094
+2 * 1431094
+2 * 1431094
+2 +1 22
+4 * 22
+3 * 22
cfn=(716) expand
calls=22 0x404fd8 -77 
* * 4093030
+5 +1 1431094
+4 * 1431094
+3 * 1431094
+3 * 1431094
+3 * 1431094
+4 * 1431094
+3 +1 1431094
+4 * 1431094
+4 * 1431094
+3 +1 1431094
+4 * 1431094
+3 * 1431094
+3 * 1431094
+4 * 1431094
+2 * 1431094
+2 * 1431094
+3 * 1431094
+2 * 1431094
+2 -1 1431094
+2 * 1431094
+4 * 1431094
+4 +1 1431094
+4 * 1431094
+3 -1 1431094
+3 +2 1431094
+4 * 1431094
+1 * 1431094
+1 * 1431094

fn=(756) Seq_remlo
0x4054ec 78 1393786
+1 * 1393786
+3 * 1393786
+1 * 1393786
+4 * 1393786
+4 +1 1393786
+7 -1 1393786
+5 * 1393786
+29 +4 1393786
+4 * 1393786
+3 -4 1393786
+2 * 1393786
+29 +5 1393786
+4 * 1393786
+4 * 1393786
+3 +1 1393786
+4 * 1393786
+3 * 1393786
+3 * 1393786
+4 * 1393786
+2 * 1393786
+2 * 1393786
+3 * 1393786
+2 * 1393786
+2 -1 1393786
+2 * 1393786
+4 * 1393786
+4 * 1393786
+3 * 1393786
+4 +2 1393786
+4 * 1393786
+3 * 1393786
+3 * 1393786
+4 * 1393786
+2 * 1393786
+2 * 1393786
+2 * 1393786
+3 * 1393786
+2 * 1393786
+4 * 1393786
+3 +1 1393786
+4 * 1393786
+3 * 1393786
+3 * 1393786
+4 * 1393786
+3 +1 1393786
+4 +1 1393786
+4 * 1393786
+1 * 1393786
+1 * 1393786

fn=(746) Seq_put
0x405369 60 2803831
+1 * 2803831
+3 * 2803831
+1 * 2803831
+4 * 2803831
+4 * 2803831
+3 * 2803831
+4 * 2803831
+5 * 2803831
+29 * 2803831
+4 * 2803831
+2 +3 2803831
+4 * 2803831
+3 * 2803831
+3 * 2803831
+31 -3 2803831
+1 +4 2803831
+4 * 2803831
+4 * 2803831
+3 +1 2803831
+4 * 2803831
+3 * 2803831
+3 * 2803831
+4 * 2803831
+2 * 2803831
+2 * 2803831
+3 * 2803831
+2 * 2803831
+2 -1 2803831
+2 * 2803831
+4 * 2803831
+4 * 2803831
+3 * 2803831
+4 +2 2803831
+4 * 2803831
+4 * 2803831
+3 +1 2803831
+4 * 2803831
+3 * 2803831
+3 * 2803831
+4 * 2803831
+2 * 2803831
+2 * 2803831
+3 * 2803831
+2 * 2803831
+2 -1 2803831
+2 * 2803831
+4 * 2803831
+4 +1 2803831
+4 * 2803831
+3 +1 2803831
+4 +1 2803831
+4 * 2803831
+1 * 2803831
+1 * 2803831

fn=(674) Seq_new
0x405077 26 2
+1 * 2
+3 * 2
+1 * 2
+4 * 2
+3 * 2
+4 * 2
+29 +3 2
+5 * 2
+7 * 2
+5 * 2
+5 * 2
cfi=(83) /usr/sup/src/cii40/src/mem.c
cfn=(590) Mem_calloc
calls=2 0x404e37 -7 
* * 542
+5 * 2
+4 +1 2
+4 * 2
+2 +1 2
+7 +2 2
+3 * 2
+2 * 2
+4 -1 2
+5 * 2
+7 * 2
+3 * 2
cfi=(83)
cfn=(584) Mem_alloc
calls=2 0x404da8 -24 
* * 488
+5 * 2
+3 * 2
+4 * 2
+3 * 2
+3 * 2
+5 * 2
+2 * 2
+3 * 2
cfi=(82) /usr/sup/src/cii40/src/uarray.c
cfn=(602) UArrayRep_init
calls=2 0x4057be -14 
* * 58
+5 +2 2
+4 +1 2
+4 * 2
+1 * 2
+1 * 2

fn=(714) Seq_length
0x405298 50 1435883
+1 * 1435883
+3 * 1435883
+4 * 1435883
+4 * 1435883
+5 * 1435883
+29 +2 1435883
+4 * 1435883
+3 +1 1435883
+1 * 1435883

fn=(716)
0x404fd8 16 22
+1 * 22
+3 * 22
+4 * 22
+4 +1 22
+4 * 22
+2 * 22
+3 +1 22
+3 * 22
+3 * 22
+4 * 22
+2 * 22
+3 * 22
cfi=(82)
cfn=(718) UArray_resize
calls=22 0x4059fc +29 
* * 4024133
+5 +1 22
+4 * 22
+3 * 22
+2 * 22
+2 +2 11
+4 * 11
+4 * 11
+3 * 11
+4 * 11
+3 * 11
+2 * 11
+4 * 11
+4 * 11
+4 +1 11
+4 * 11
+3 * 11
+3 * 11
+2 * 11
+2 * 11
+2 * 11
+2 * 11
+8 * 11
+3 * 11
+2 * 11
+4 * 11
+4 * 11
+4 * 11
+3 * 11
+3 * 11
cob=(3)
cfi=(69)
cfn=(734)
calls=11 0xa78c0 -22 
* * 67401
cob=(1)
cfi=(79)
cfn=(512)
calls=1 0x1c00 +45 
* * 722
* * 15
+5 +1 11
+4 * 11
+3 * 11
+2 * 11
+3 * 11
+4 * 11
+3 +2 11
+1 * 11
-1 * 11
+1 * 11

fn=(794) Seq_free
0x40524d 45 2
+1 * 2
+3 * 2
+4 * 2
+4 * 2
+5 * 2
+2 +1 2
+4 * 2
+3 * 2
+3 * 2
+31 -1 2
+1 +3 2
+4 * 2
+3 * 2
cfi=(82)
cfn=(748) UArray_free
calls=2 0x405881 -19 
* * 752414
+5 +1 2
+1 * 2

fn=(682) Seq_get
0x4052cf 54 120753623
+1 * 120753623
+3 * 120753623
+1 * 120753623
+4 * 120753623
+4 * 120753623
+3 * 120753623
+5 * 120753623
+29 * 120753623
+4 * 120753623
+2 +2 120753623
+4 * 120753623
+3 * 120753623
+3 * 120753623
+31 -2 120753623
+1 +3 120753623
+4 * 120753623
+4 * 120753623
+3 +1 120753623
+4 * 120753623
+3 * 120753623
+3 * 120753623
+4 * 120753623
+2 * 120753623
+2 * 120753623
+3 * 120753623
+2 * 120753623
+2 -1 120753623
+2 * 120753623
+4 * 120753623
+4 * 120753623
+3 +2 120753623
+4 * 120753623
+1 * 120753623
+1 * 120753623

fl=(78)
fn=(604) read_program
0x400f6d 98 1
+1 * 1
+3 * 1
+4 * 1
+4 * 1
+4 +1 1
+5 * 1
+22 +1 1
+5 * 1
+22 +2 1
+4 * 1
+3 * 1
+3 * 1
cfi=(82)
cfn=(606) UArray_length
calls=1 0x40598f -63 
* * 10
+5 * 1
+3 +1 1
+7 * 1
+2 +1 30110
+4 * 30110
+3 * 30110
+3 * 30110
+2 * 30110
+3 * 30110
cfi=(82)
cfn=(608) UArray_at
calls=30110 0x405914 -70 
* * 692530
+5 * 30110
+4 +1 30110
+4 * 30110
+3 * 30110
cfn=(610) read_word
calls=30110 +27 +14 
* * 11475163
+5 * 30110
+4 * 30110
+2 -2 30110
+4 * 30110
+3 * 30110
+3 * 30110
-6 * 1
+3 * 1
+3 * 1
+2 +4 1
+1 * 1
+1 * 1
+1 * 1

fn=(684) decode_instruction
0x4012b5 210 85070522
+1 * 85070522
+3 * 85070522
+4 * 85070522
+3 * 85070522
+4 +1 85070522
+5 * 85070522
+22 +2 85070522
+3 * 85070522
+5 * 85070522
+5 * 85070522
+3 * 85070522
cfi=(84) /g/40/2018f/www/solutions/bitpack.c
cfn=(686) Bitpack_getu
calls=85070522 0x401e90 86 
* * 3062538792
+5 * 85070522
+2 * 85070522
+4 * 85070522
+2 +1 85070522
+4 * 85070522
+2 * 85070522
+3 * 85070522
+22 +2 85070522
+4 * 85070522
+2 * 85070522
+3 * 85070522
+2 +1 32553700
+3 * 32553700
+5 * 32553700
+5 * 32553700
+3 * 32553700
cfi=(84)
cfn=(686)
calls=32553700 0x401e90 86 
* * 1171933200
+5 * 32553700
+2 * 32553700
+4 * 32553700
+3 * 32553700
+2 +2 52516822
+3 * 52516822
+5 * 52516822
+5 * 52516822
+3 * 52516822
cfi=(84)
cfn=(686)
calls=52516822 0x401e90 86 
* * 1890605592
+5 * 52516822
+2 * 52516822
+4 * 52516822
+3 +3 52516822
+3 * 52516822
+5 * 52516822
+5 * 52516822
+3 * 52516822
cfi=(84)
cfn=(686)
calls=52516822 0x401e90 86 
* * 1890605592
-16 * 32553700
+3 * 32553700
+5 * 32553700
+5 * 32553700
+3 * 32553700
cfi=(84)
cfn=(686)
calls=32553700 0x401e90 86 
* * 1171933200
+5 * 85070522
+2 * 85070522
+4 * 85070522
+3 +1 85070522
+3 * 85070522
+5 * 85070522
+5 * 85070522
+3 * 85070522
cfi=(84)
cfn=(686)
calls=85070522 0x401e90 86 
* * 3062538792
+5 * 85070522
+2 * 85070522
+4 * 85070522
+3 +1 85070522
+3 * 85070522
+5 * 85070522
+5 * 85070522
+3 * 85070522
cfi=(84)
cfn=(686)
calls=85070522 0x401e90 86 
* * 3062538792
+5 * 85070522
+2 * 85070522
+4 * 85070522
+3 +2 85070522
+1 * 85070522
+1 * 85070522

fn=(688) execute_operation
0x4010a6 145 85070522
+1 * 85070522
+3 * 85070522
+4 * 85070522
+4 * 85070522
+4 * 85070522
+4 +1 85070522
+5 * 85070522
+22 +1 85070522
+5 * 85070522
+22 +2 85070522
+4 * 85070522
+2 * 85070522
+3 * 85070522
+6 * 85070522
+2 * 85070522
+8 * 85070522
+2 +2 2746419
+4 * 2746419
+3 * 2746419
+4 * 2746419
+3 * 2746419
+4 * 2746419
+3 * 2746419
+2 * 2746419
+2 * 2746419
cfi=(87) /h/esolim01/cs40/um_profiling/operations.c
cfn=(708) conditional_move
calls=2746419 0x401909 24 
* * 119230549
+5 +1 2746419
+5 +2 19461304
+4 * 19461304
+3 * 19461304
+4 * 19461304
+3 * 19461304
+4 * 19461304
+3 * 19461304
+4 * 19461304
+3 * 19461304
cfi=(87)
cfn=(702) segmented_load
calls=19461304 0x401943 41 
* * 2977579512
+5 +1 19461304
+5 +2 16200748
+4 * 16200748
+3 * 16200748
+4 * 16200748
+3 * 16200748
+4 * 16200748
+3 * 16200748
+4 * 16200748
+3 * 16200748
cfi=(87)
cfn=(698) segmented_store
calls=16200748 0x4019b1 -98 
* * 2511115940
+5 +1 16200748
+5 +2 3141040
+4 * 3141040
+3 * 3141040
+4 * 3141040
+3 * 3141040
+4 * 3141040
+3 * 3141040
+2 * 3141040
+2 * 3141040
cfi=(87)
cfn=(706) addition
calls=3141040 0x401a24 -87 
* * 147628880
+5 +1 3141040
+5 +2 104915
+4 * 104915
+3 * 104915
+4 * 104915
+3 * 104915
+4 * 104915
+3 * 104915
+2 * 104915
+2 * 104915
cfi=(87)
cfn=(736) multiplication
calls=104915 0x401a62 -78 
* * 5035920
+5 +1 104915
+5 +2 170336
+4 * 170336
+3 * 170336
+4 * 170336
+3 * 170336
+4 * 170336
+3 * 170336
+2 * 170336
+2 * 170336
cfi=(87)
cfn=(738) division
calls=170336 0x401aa2 -68 
* * 8687136
+5 +1 170336
+5 +2 4295890
+4 * 4295890
+3 * 4295890
+4 * 4295890
+3 * 4295890
+4 * 4295890
+3 * 4295890
+2 * 4295890
+2 * 4295890
cfi=(87)
cfn=(704) nand
calls=4295890 0x401aea -59 
* * 210498610
+5 +1 4295890
+5 +2 1
+4 * 1
+3 * 1
cfi=(87)
cfn=(790) halt
calls=1 0x401b2b -51 
* * 5362770
+10 +3 1414834
+4 * 1414834
+3 * 1414834
+4 * 1414834
+3 * 1414834
+4 * 1414834
+2 * 1414834
+3 * 1414834
cfi=(87)
cfn=(710) map_segment
calls=1414834 0x401b68 -37 
* * 1073601909
+5 +1 1414834
+2 +2 1410045
+4 * 1410045
+3 * 1410045
+4 * 1410045
+2 * 1410045
+3 * 1410045
cfi=(87)
cfn=(742) unmap_segment
calls=1410045 0x401bc0 -25 
* * 610275156
+5 +1 1410045
+2 +2 181
+4 * 181
+3 * 181
+2 * 181
cfi=(87)
cfn=(766) output
calls=181 0x401c07 -15 
* * 352639
+5 +1 181
+18 +5 3571109
+4 * 3571109
+3 * 3571109
+4 * 3571109
+3 * 3571109
+4 * 3571109
+4 * 3571109
+3 * 3571109
cfi=(87)
cfn=(694) load_program
calls=3571109 0x401cab +19 
* * 135702142
+5 +1 3571109
+2 +2 32553700
+4 * 32553700
+3 * 32553700
+4 * 32553700
+3 * 32553700
+2 * 32553700
+2 * 32553700
cfi=(87)
cfn=(690) load_value
calls=32553700 0x401d32 +35 
* * 748735100
+5 +1 32553700
+1 +3 32553700
+4 * 32553700
+2 * 32553700
+3 * 32553700
+4 * 32553700
+2 +2 32553700
+1 * 32553700
-16 -2 48945712
+4 * 48945712
+2 * 48945712
+3 * 48945712
+4 * 48945712
+2 +2 48945712
+1 * 48945712
-1 * 3571109
+1 * 3571109

fn=(502)
0x400de6 53 1
+1 * 1
+3 * 1
+7 * 1
+6 * 1
+7 +1 1
+7 * 1
+47 +7 1
+7 * 1
+4 * 1
+3 * 1
+7 * 1
+3 * 1
+3 * 1
cfi=(77)
cfn=(504) stat
calls=1 0x405c80 -61 
* * 741
+5 * 1
+3 * 1
+42 +5 1
+7 * 1
+4 * 1
+3 * 1
+5 * 1
+3 * 1
cob=(3)
cfi=(69)
cfn=(526)
calls=1 0x86270 -66 
* * 75425
cob=(1)
cfi=(79)
cfn=(512)
calls=1 0x1c00 +1 
* * 691
* * 5
+5 * 1
+4 +1 1
+5 * 1
+22 +2 1
+4 * 1
+4 * 1
+3 * 1
+4 * 1
+4 * 1
+5 * 1
+2 * 1
cfi=(82)
cfn=(582) UArray_new
calls=1 0x405730 -60 
* * 122364
+5 * 1
+7 +1 1
+7 * 1
+4 * 1
+3 * 1
+3 * 1
cfn=(604)
calls=1 0x400f6d +28 
* * 12649486
+5 +1 1
+4 * 1
+3 * 1
cob=(3)
cfi=(69)
cfn=(648)
calls=1 0x85860 -71 
* * 505
cob=(1)
cfi=(79)
cfn=(512)
calls=1 0x1c00 -4 
* * 728
* * 5
+5 +1 1
+7 * 1
+3 * 1
cfi=(85) /h/esolim01/cs40/um_profiling/memory.c
cfn=(672) load_segment0
calls=1 0x4013c1 -43 
* * 1468
+5 * 1
+4 +2 1
+10 +4 1
+6 * 1
+4 * 1
+5 * 1
+3 * 1
cfi=(85)
cfn=(678) get_word
calls=1 0x401669 +56 
* * 97
-18 * 85070521
+6 * 85070521
+4 * 85070521
+5 * 85070521
+3 * 85070521
cfi=(85)
cfn=(678)
calls=85070521 0x401669 +56 
* * 8251840537
+5 * 85070522
+3 +1 85070522
+7 * 85070522
+3 * 85070522
+3 * 85070522
+2 * 85070522
cfn=(684)
calls=85070522 0x4012b5 210 
* * 20279337936
+5 +2 85070522
+7 * 85070522
+7 * 85070522
+4 * 85070522
+3 * 85070522
+3 * 85070522
cfn=(688)
calls=85070522 0x4010a6 +64 
* * 11354024069
+5 -4 85070521

fn=(610)
0x401008 119 30110
+1 * 30110
+3 * 30110
+4 * 30110
+4 +1 30110
+5 * 30110
+22 +1 30110
+8 +2 30110
+7 * 30110
+2 +1 120440
+4 * 120440
+3 * 120440
cob=(3)
cfi=(69)
cfn=(616)
calls=120440 0x8e020 0 
* * 1688754
cob=(1)
cfi=(79)
cfn=(512)
calls=1 0x1c00 -57 
* * 655
* * 120444
+5 * 120440
+3 +2 120440
+4 * 120440
+22 +1 120440
+3 * 120440
+3 * 120440
+5 * 120440
+3 * 120440
+3 * 120440
+2 * 120440
+4 * 120440
+3 * 120440
+2 * 120440
+5 * 120440
+3 * 120440
cfi=(84)
cfn=(640) Bitpack_newu
calls=120440 0x401f50 -30 
* * 6594090
+5 * 120440
+4 -4 120440
+4 * 120440
+4 * 120440
-4 * 30110
+4 * 30110
+2 +7 30110
+4 +1 30110
+1 * 30110

fl=(87)
fn=(766)
0x401c07 166 181
+1 * 181
+3 * 181
+4 * 181
+3 +1 181
+3 * 181
+2 * 181
cfi=(88) /h/esolim01/cs40/um_profiling/registers.c
cfn=(696) get_register
calls=181 0x4018dc 25 
* * 1267
+5 * 181
+3 +1 181
+7 * 181
+22 +2 181
+3 * 181
+2 * 181
cob=(3)
cfi=(69)
cfn=(772)
calls=181 0x895c0 0 
* * 347609
cob=(1)
cfi=(79)
cfn=(512)
calls=1 0x1c00 67 
* * 682
* * 185
+5 +1 181
+1 * 181
+1 * 181

fn=(694)
0x401cab 206 3571109
+1 * 3571109
+3 * 3571109
+4 * 3571109
+4 * 3571109
+3 * 3571109
+3 * 3571109
+4 +1 3571109
+5 * 3571109
+22 +1 3571109
+5 * 3571109
+22 +1 3571109
+3 * 3571109
+2 * 3571109
cfi=(88)
cfn=(696)
calls=3571109 0x4018dc 25 
* * 24997763
+5 * 3571109
+2 * 3571109
+28 +4 3571109
+3 * 3571109
+2 * 3571109
cfi=(88)
cfn=(696)
calls=3571109 0x4018dc 25 
* * 24997763
+5 * 3571109
+4 * 3571109
+2 +1 3571109
+1 * 3571109
+1 * 3571109

fn=(742)
0x401bc0 153 1410045
+1 * 1410045
+3 * 1410045
+4 * 1410045
+4 * 1410045
+3 +1 1410045
+5 * 1410045
+22 +1 1410045
+3 * 1410045
+2 * 1410045
cfi=(88)
cfn=(696)
calls=1410045 0x4018dc 25 
* * 9870315
+5 * 1410045
+2 * 1410045
+4 * 1410045
+2 * 1410045
+3 * 1410045
cfi=(85)
cfn=(744) unmap
calls=1410045 0x40159d -60 
* * 575024031
+5 +1 1410045
+1 * 1410045
+1 * 1410045

fn=(790)
0x401b2b 121 1
+1 * 1
+3 * 1
+4 * 1
+4 +1 1
+5 * 1
+22 +1 1
+4 * 1
+3 * 1
cfi=(85)
cfn=(792) memory_free
calls=1 0x401728 +49 
* * 5359699
+5 +1 1
+5 * 1
cob=(3)
cfi=(69)
cfn=(804)
calls=1 0x50de0 0 
* * 2359
cob=(1)
cfi=(79)
cfn=(512)
calls=1 0x1c00 -57 
* * 696
* * 5

fn=(704)
0x401aea 110 4295890
+1 * 4295890
+3 * 4295890
+1 * 4295890
+4 * 4295890
+3 * 4295890
+3 * 4295890
+3 +1 4295890
+3 * 4295890
+2 * 4295890
cfi=(88)
cfn=(696)
calls=4295890 0x4018dc -86 
* * 30071230
+5 * 4295890
+2 * 4295890
+3 * 4295890
+2 * 4295890
cfi=(88)
cfn=(696)
calls=4295890 0x4018dc -86 
* * 30071230
+5 * 4295890
+2 * 4295890
+2 * 4295890
+2 * 4295890
+3 * 4295890
+2 * 4295890
+2 * 4295890
cfi=(88)
cfn=(692) put_register
calls=4295890 0x4018ef -72 
* * 42958900
+5 +1 4295890
+1 * 4295890
+4 * 4295890
+1 * 4295890

fn=(690)
0x401d32 225 32553700
+1 * 32553700
+3 * 32553700
+4 * 32553700
+3 * 32553700
+3 +1 32553700
+3 * 32553700
+3 * 32553700
+2 * 32553700
+2 * 32553700
cfi=(88)
cfn=(692)
calls=32553700 0x4018ef 39 
* * 325537000
+5 +1 32553700
+1 * 32553700
+1 * 32553700

fn=(706)
0x401a24 73 3141040
+1 * 3141040
+3 * 3141040
+1 * 3141040
+4 * 3141040
+3 * 3141040
+3 * 3141040
+3 +1 3141040
+3 * 3141040
+2 * 3141040
cfi=(88)
cfn=(696)
calls=3141040 0x4018dc -49 
* * 21987280
+5 * 3141040
+2 * 3141040
+3 * 3141040
+2 * 3141040
cfi=(88)
cfn=(696)
calls=3141040 0x4018dc -49 
* * 21987280
+5 * 3141040
+3 * 3141040
+3 * 3141040
+2 * 3141040
+2 * 3141040
cfi=(88)
cfn=(692)
calls=3141040 0x4018ef -35 
* * 31410400
+5 +1 3141040
+1 * 3141040
+4 * 3141040
+1 * 3141040

fn=(708)
0x401909 24 2746419
+1 * 2746419
+3 * 2746419
+4 * 2746419
+3 * 2746419
+3 * 2746419
+3 +1 2746419
+3 * 2746419
+2 * 2746419
cfi=(88)
cfn=(696)
calls=2746419 -67 * 
* * 19224933
+5 * 2746419
+2 * 2746419
+2 * 2462230
+3 * 2462230
+2 * 2462230
cfi=(88)
cfn=(696)
calls=2462230 -81 * 
* * 17235610
+5 * 2462230
+2 * 2462230
+3 * 2462230
+2 * 2462230
+2 * 2462230
cfi=(88)
cfn=(692)
calls=2462230 -76 +14 
* * 24622300
+5 +1 2746419
+1 * 2746419
+1 * 2746419

fn=(698)
0x4019b1 59 16200748
+1 * 16200748
+3 * 16200748
+2 * 16200748
+1 * 16200748
+4 * 16200748
+4 * 16200748
+3 * 16200748
+3 * 16200748
+3 +1 16200748
+5 * 16200748
+22 +1 16200748
+3 * 16200748
+2 * 16200748
cfi=(88)
cfn=(696)
calls=16200748 0x4018dc -36 
* * 113405236
+5 * 16200748
+3 * 16200748
+3 * 16200748
+2 * 16200748
cfi=(88)
cfn=(696)
calls=16200748 0x4018dc -36 
* * 113405236
+5 * 16200748
+2 * 16200748
+3 * 16200748
+2 * 16200748
cfi=(88)
cfn=(696)
calls=16200748 0x4018dc -36 
* * 113405236
+5 * 16200748
+2 * 16200748
+4 * 16200748
+3 * 16200748
+2 * 16200748
+3 * 16200748
cfi=(85)
cfn=(700) put_word
calls=16200748 0x4016c5 +94 
* * 1620074800
+5 +1 16200748
+1 * 16200748
+4 * 16200748
+1 * 16200748
+2 * 16200748
+1 * 16200748

fn=(736)
0x401a62 85 104915
+1 * 104915
+3 * 104915
+1 * 104915
+4 * 104915
+3 * 104915
+3 * 104915
+3 +1 104915
+3 * 104915
+2 * 104915
cfi=(88)
cfn=(696)
calls=104915 0x4018dc -61 
* * 734405
+5 * 104915
+2 * 104915
+3 * 104915
+2 * 104915
cfi=(88)
cfn=(696)
calls=104915 0x4018dc -61 
* * 734405
+5 * 104915
+3 * 104915
+2 * 104915
+3 * 104915
+2 * 104915
+2 * 104915
cfi=(88)
cfn=(692)
calls=104915 0x4018ef -47 
* * 1049150
+5 +1 104915
+1 * 104915
+4 * 104915
+1 * 104915

fn=(710)
0x401b68 138 1414834
+1 * 1414834
+3 * 1414834
+4 * 1414834
+4 * 1414834
+3 * 1414834
+3 +1 1414834
+5 * 1414834
+22 +1 1414834
+3 * 1414834
+2 * 1414834
cfi=(88)
cfn=(696)
calls=1414834 0x4018dc 25 
* * 9903838
+5 * 1414834
+2 * 1414834
+4 * 1414834
+2 * 1414834
+3 * 1414834
cfi=(85)
cfn=(712) map
calls=1414834 0x401491 -84 
* * 1015593715
+5 * 1414834
+2 * 1414834
+3 * 1414834
+2 * 1414834
+2 * 1414834
cfi=(88)
cfn=(692)
calls=1414834 0x4018ef 39 
* * 14148340
+5 +1 1414834
+1 * 1414834
+1 * 1414834

fn=(702)
0x401943 41 19461304
+1 * 19461304
+3 * 19461304
+1 * 19461304
+4 * 19461304
+4 * 19461304
+3 * 19461304
+3 * 19461304
+3 +1 19461304
+5 * 19461304
+22 +1 19461304
+3 * 19461304
+2 * 19461304
cfi=(88)
cfn=(696)
calls=19461304 0x4018dc -18 
* * 136229128
+5 * 19461304
+2 * 19461304
+3 * 19461304
+2 * 19461304
cfi=(88)
cfn=(696)
calls=19461304 0x4018dc -18 
* * 136229128
+5 * 19461304
+2 * 19461304
+4 * 19461304
+2 * 19461304
+2 * 19461304
+3 * 19461304
cfi=(85)
cfn=(678)
calls=19461304 0x401669 +91 
* * 1887746488
+5 * 19461304
+2 * 19461304
+3 * 19461304
+2 * 19461304
+2 * 19461304
cfi=(88)
cfn=(692)
calls=19461304 0x4018ef -4 
* * 194613040
+5 +1 19461304
+1 * 19461304
+4 * 19461304
+1 * 19461304

fn=(738)
0x401aa2 98 170336
+1 * 170336
+3 * 170336
+1 * 170336
+4 * 170336
+3 * 170336
+3 * 170336
+3 +1 170336
+3 * 170336
+2 * 170336
cfi=(88)
cfn=(696)
calls=170336 0x4018dc -74 
* * 1192352
+5 * 170336
+2 * 170336
+3 * 170336
+2 * 170336
cfi=(88)
cfn=(696)
calls=170336 0x4018dc -74 
* * 1192352
+5 * 170336
+2 * 170336
+2 * 170336
+5 * 170336
+2 * 170336
+2 * 170336
+3 * 170336
+2 * 170336
+2 * 170336
cfi=(88)
cfn=(692)
calls=170336 0x4018ef -60 
* * 1703360
+5 +1 170336
+1 * 170336
+4 * 170336
+1 * 170336

fl=(83)
fn=(720) Mem_resize
0x404f1b 41 22
+1 * 22
+3 * 22
+4 * 22
+4 * 22
+4 * 22
+4 * 22
+3 * 22
+5 * 22
+29 * 22
+5 * 22
+29 +3 22
+4 * 22
+4 * 22
+3 * 22
+3 * 22
cob=(3)
cfi=(69)
cfn=(726)
calls=22 0x9bbd0 -44 
* * 4022062
cob=(1)
cfi=(79)
cfn=(512)
calls=1 0x1c00 +23 
* * 747
* * 26
+5 * 22
+4 +1 22
+5 * 22
+63 +7 22
+4 +1 22
+1 * 22

fn=(590)
0x404e37 22 1414837
+1 * 1414837
+3 * 1414837
+4 * 1414837
+4 * 1414837
+4 * 1414837
+4 * 1414837
+3 * 1414837
+5 * 1414837
+29 * 1414837
+5 * 1414837
+29 +4 1414837
+4 * 1414837
+4 * 1414837
+3 * 1414837
+3 * 1414837
cob=(3)
cfi=(69)
cfn=(596)
calls=1414837 0x9c0f0 -26 
* * 253340580
cob=(1)
cfi=(79)
cfn=(512)
calls=1 0x1c00 +41 
* * 663
* * 1414841
+5 * 1414837
+4 +1 1414837
+5 * 1414837
+63 +7 1414837
+4 +1 1414837
+1 * 1414837

fn=(750) Mem_free
0x404ef3 36 2829674
+1 * 2829674
+3 * 2829674
+4 * 2829674
+4 * 2829674
+4 * 2829674
+3 +1 2829674
+5 * 2829674
+2 +1 2829674
+4 * 2829674
+3 * 2829674
cob=(3)
cfi=(69)
cfn=(664)
calls=2829674 0x9b950 -38 
* * 311413071
cob=(1)
cfi=(79)
cfn=(512)
calls=1 0x1c00 +29 
* * 648
* * 2829678
+5 +1 2829674
+1 * 2829674

fn=(584)
0x404da8 8 1414837
+1 * 1414837
+3 * 1414837
+4 * 1414837
+4 * 1414837
+4 * 1414837
+3 * 1414837
+5 * 1414837
+29 +3 1414837
+4 * 1414837
+3 * 1414837
cob=(3)
cfi=(69)
cfn=(532)
calls=1414837 0x9b2c0 -11 
* * 76494463
cob=(1)
cfi=(79)
cfn=(512)
calls=1 0x1c00 +56 
* * 664
* * 1414841
+5 * 1414837
+4 +1 1414837
+5 * 1414837
+63 +7 1414837
+4 +1 1414837
+1 * 1414837

fl=(77)
fn=(480)
0x405c00 0 1
+4 0 1
+2 0 1
+3 0 1
+2 0 1
+3 0 1
+2 0 1
+3 0 1
+2 0 1
+7 0 1
+1 0 1
+7 0 1
+1 0 1
+3 0 1
+4 0 1
cob=(2)
cfi=(42)
cfn=(482)
calls=1 0x400b40 0 
* 0 7
+5 0 1
+4 0 1
+2 0 1
+2 0 1
+7 0 1
+3 0 1
+3 0 1
+3 0 1
cfn=(486) 0x0000000000400de0
calls=1 0x400de0 0 
* 0 12
+4 0 1
+4 0 1
+3 0 1
+2 0 1
+4 0 1
+1 0 1
+1 0 1
+2 0 1
+2 0 1
+2 0 1
+2 0 1

fn=(486)
0x400d70 0 1
+7 0 1
+7 0 1
+3 0 1
+3 0 1
+4 0 1
+4 0 1
+3 0 1
+3 0 1
+22 0 1
+56 0 1
+4 0 1

fn=(504)
0x405c80 0 1
+4 0 1
+3 0 1
+3 0 1
+5 0 1
cob=(3)
cfi=(69)
cfn=(520)
calls=1 0x12dbe0 0 
* 0 11
cob=(1)
cfi=(79)
cfn=(512)
calls=1 0x1c00 67 
* 0 720
* 0 5

fn=(812)
0x400db0 0 1
+4 0 1
+7 0 1
+2 0 1
+1 0 1
+3 0 1
cfn=(816) 0x0000000000400d40
calls=1 0x400d40 0 
* 0 5
+5 0 1
+7 0 1
+1 0 1

fn=(470)
0x400d00 0 1
+4 0 1
+2 0 1
+3 0 1
+1 0 1
+3 0 1
+4 0 1
+1 0 1
+1 0 1
+7 0 1
+7 0 1
+7 0 1
cob=(3)
cfi=(69)
cfn=(472)
calls=1 0x3a700 0 
* 0 41429323720

fn=(816)
0x400d40 0 1
+7 0 1
+7 0 1
+3 0 1
+23 0 1

fl=(82)
fn=(582)
0x405730 9 1414835
+1 * 1414835
+3 * 1414835
+1 * 1414835
+4 * 1414835
+3 * 1414835
+3 +2 1414835
+5 * 1414835
+7 * 1414835
+5 * 1414835
cfi=(83)
cfn=(584)
calls=1414835 0x404da8 -3 
* * 101961709
+5 * 1414835
+4 +1 1414835
+4 * 1414835
+2 +1 1414835
+3 * 1414835
+3 * 1414835
+3 * 1414835
+2 * 1414835
+5 * 1414835
+7 * 1414835
+3 * 1414835
+3 * 1414835
cfi=(83)
cfn=(590)
calls=1414835 0x404e37 +9 
* * 285881956
+5 * 1414835
+3 * 1414835
+3 * 1414835
+3 * 1414835
+4 * 1414835
+2 * 1414835
+3 * 1414835
cfn=(602)
calls=1414835 +43 +5 
* * 41030215
+5 * 1414835
+27 +3 1414835
+4 +1 1414835
+4 * 1414835
+1 * 1414835
+1 * 1414835

fn=(718)
0x4059fc 47 22
+1 * 22
+3 * 22
+1 * 22
+4 * 22
+4 * 22
+3 * 22
+5 * 22
+29 * 22
+4 * 22
+29 +3 22
+4 * 22
+44 +2 22
+4 * 22
+2 * 22
+2 * 22
+48 +3 22
+4 * 22
+3 * 22
+4 * 22
+3 * 22
+4 * 22
+4 * 22
+5 * 22
+7 * 22
+3 * 22
+3 * 22
cfi=(83)
cfn=(720)
calls=22 0x404f1b -14 
* * 4023319
+5 * 22
+3 * 22
+4 * 22
+4 +1 22
+4 * 22
+3 * 22
+2 +1 22
+4 * 22
+1 * 22
+1 * 22

fn=(606)
0x40598f 39 1414835
+1 * 1414835
+3 * 1414835
+4 * 1414835
+4 * 1414835
+5 * 1414835
+29 +2 1414835
+4 * 1414835
+2 +1 1414835
+1 * 1414835

fn=(602)
0x4057be 18 1414837
+1 * 1414837
+3 * 1414837
+4 * 1414837
+4 * 1414837
+3 * 1414837
+3 * 1414837
+4 * 1414837
+5 * 1414837
+29 * 1414837
+5 * 1414837
+2 +2 1414837
+4 * 1414837
+42 -2 1414837
+4 * 1414837
+29 +4 1414837
+4 * 1414837
+3 * 1414837
+2 +1 1414837
+4 * 1414837
+3 * 1414837
+3 +1 1414837
+4 * 1414837
+2 +1 1414837
+4 * 1414837
+4 * 1414837
+4 * 1414837
+14 +3 1414837
+1 * 1414837

fn=(608)
0x405914 34 129272074
+1 * 129272074
+3 * 129272074
+4 * 129272074
+4 * 129272074
+3 * 129272074
+5 * 129272074
+29 * 129272074
+4 * 129272074
+2 +2 129272074
+4 * 129272074
+2 * 129272074
+3 * 129272074
+31 -2 129272074
+1 +3 129272074
+4 * 129272074
+4 * 129272074
+4 * 129272074
+3 * 129272074
+4 * 129272074
+2 * 129272074
+4 +1 129272074
+1 * 129272074

fn=(748)
0x405881 29 1414837
+1 * 1414837
+3 * 1414837
+4 * 1414837
+4 * 1414837
+5 * 1414837
+2 +1 1414837
+4 * 1414837
+3 * 1414837
+3 * 1414837
+31 -1 1414837
+1 +2 1414837
+4 * 1414837
+3 * 1414837
+4 * 1414837
+5 * 1414837
+7 * 1414837
+3 * 1414837
cfi=(83)
cfn=(750)
calls=1414837 0x404ef3 +5 
* * 177006971
+5 * 1414837
+4 * 1414837
+3 * 1414837
+8 +1 1414837
+4 * 1414837
+3 * 1414837
+5 * 1414837
+7 * 1414837
+3 * 1414837
cfi=(83)
cfn=(750)
calls=1414837 0x404ef3 +4 
* * 174022188
+5 * 1414837
+4 * 1414837
+7 +1 1414837
+1 * 1414837

fl=(85)
fn=(700)
0x4016c5 155 16200748
+1 * 16200748
+3 * 16200748
+1 * 16200748
+4 * 16200748
+4 * 16200748
+3 * 16200748
+3 * 16200748
+3 +1 16200748
+5 * 16200748
+22 +2 16200748
+3 * 16200748
+3 * 16200748
+4 * 16200748
+2 * 16200748
+3 * 16200748
cfn=(680) get_segment
calls=16200748 0x401629 -41 
* * 810037400
+5 * 16200748
+2 * 16200748
+3 * 16200748
cfi=(82)
cfn=(608)
calls=16200748 0x405914 34 
* * 372617204
+5 * 16200748
+4 +2 16200748
+4 * 16200748
+3 * 16200748
+2 +1 16200748
+1 * 16200748
+4 * 16200748
+1 * 16200748

fn=(672)
0x4013c1 29 1
+1 * 1
+3 * 1
+4 * 1
+4 +1 1
+5 * 1
+22 +2 1
+5 * 1
cob=(3)
cfi=(69)
cfn=(532)
calls=1 0x9b2c0 -32 
* * 229
* * 1
+5 * 1
+4 +1 1
+5 * 1
+22 +1 1
+5 * 1
cfi=(86)
cfn=(674)
calls=1 0x405077 -8 
* * 580
+5 * 1
+4 * 1
+3 +1 1
+5 * 1
cfi=(86)
cfn=(674)
calls=1 0x405077 -9 
* * 580
+5 * 1
+4 * 1
+4 +2 1
+4 * 1
+3 * 1
+3 * 1
+22 +1 1
+4 * 1
+4 * 1
+3 * 1
+22 +2 1
+4 * 1
+3 * 1
+4 * 1
+3 * 1
+3 * 1
cfi=(86)
cfn=(676)
calls=1 0x4055b9 +49 
* * 42
+5 +2 1
+4 +1 1
+1 * 1

fn=(792)
0x401728 172 1
+1 * 1
+3 * 1
+4 * 1
+4 +1 1
+5 * 1
+22 +3 1
+4 * 1
+3 * 1
+3 * 1
cfi=(86)
cfn=(714)
calls=1 0x405298 50 
* * 10
+5 * 1
+3 +1 1
+7 * 1
+2 +1 21049
+4 * 21049
+3 * 21049
+3 * 21049
+2 * 21049
+3 * 21049
cfi=(86)
cfn=(682)
calls=21049 0x4052cf 54 
* * 736715
+5 * 21049
+4 +1 21049
+4 * 21049
+3 * 21049
+2 * 4790
+4 * 4790
+3 * 4790
cfi=(82)
cfn=(748)
calls=4790 0x405881 29 
* * 3561333
+5 -2 21049
+4 * 21049
+3 * 21049
+3 * 21049
-6 * 1
+3 * 1
+3 * 1
+2 +4 1
+4 * 1
+3 * 1
cfi=(86)
cfn=(794)
calls=1 0x40524d 45 
* * 257
+5 +2 1
+4 * 1
+4 * 1
+3 * 1
cfi=(86)
cfn=(794)
calls=1 0x40524d 45 
* * 752189
+5 +1 1
+4 * 1
+3 * 1
cob=(3)
cfi=(69)
cfn=(664)
calls=1 0x9b950 0 
* * 109
* * 1
+5 +1 1
+1 * 1
+1 * 1

fn=(712)
0x401491 56 1414834
+1 * 1414834
+3 * 1414834
+4 * 1414834
+4 * 1414834
+3 +1 1414834
+5 * 1414834
+22 +3 1414834
+3 * 1414834
+5 * 1414834
+2 * 1414834
cfi=(82)
cfn=(582)
calls=1414834 0x405730 -51 
* * 478270741
+5 * 1414834
+4 +1 1414834
+5 * 1414834
+22 +1 1414834
+4 * 1414834
+3 * 1414834
cfi=(82)
cfn=(606)
calls=1414834 0x40598f -23 
* * 14148340
+5 * 1414834
+3 +1 1414834
+7 * 1414834
+2 +1 8509390
+3 * 8509390
+4 * 8509390
+2 * 8509390
+3 * 8509390
cfi=(82)
cfn=(608)
calls=8509390 0x405914 -30 
* * 195715970
+5 * 8509390
+4 +1 8509390
+4 * 8509390
+6 -2 8509390
+4 * 8509390
+3 * 8509390
+3 * 8509390
-6 * 1414834
+3 * 1414834
+3 * 1414834
+2 +7 1414834
+4 * 1414834
+4 * 1414834
+3 * 1414834
cfi=(86)
cfn=(714)
calls=1414834 0x405298 -20 
* * 14148340
+5 * 1414834
+2 * 1414834
+2 +1 1393786
+4 * 1393786
+4 * 1393786
+3 * 1393786
cfi=(86)
cfn=(756)
calls=1393786 0x4054ec +7 
* * 69689300
+5 * 1393786
+3 +1 1393786
+3 * 1393786
+4 * 1393786
+3 * 1393786
+4 * 1393786
+2 * 1393786
+3 * 1393786
cfi=(86)
cfn=(746)
calls=1393786 0x405369 -12 
* * 76658230
+5 +1 1393786
+3 * 1393786
+2 +4 21048
+4 * 21048
+3 * 21048
+3 * 21048
cfi=(86)
cfn=(714)
calls=21048 0x405298 -27 
* * 210480
+5 * 21048
+3 +1 21048
+4 * 21048
+3 * 21048
+4 * 21048
+3 * 21048
+3 * 21048
cfi=(86)
cfn=(676)
calls=21048 0x4055b9 +11 
* * 1014200
+5 +2 21048
+3 +2 21048
+1 * 21048
-1 * 1393786
+1 * 1393786

fn=(680)
0x401629 117 120732574
+1 * 120732574
+3 * 120732574
+4 * 120732574
+4 * 120732574
+3 +1 120732574
+5 * 120732574
+22 +2 120732574
+3 * 120732574
+4 * 120732574
+3 * 120732574
+2 * 120732574
+3 * 120732574
cfi=(86)
cfn=(682)
calls=120732574 0x4052cf -66 
* * 4225640090
+5 +1 120732574
+1 * 120732574

fn=(744)
0x40159d 95 1410045
+1 * 1410045
+3 * 1410045
+4 * 1410045
+4 * 1410045
+3 +1 1410045
+5 * 1410045
+22 +3 1410045
+3 * 1410045
+4 * 1410045
+3 * 1410045
+5 * 1410045
+2 * 1410045
+3 * 1410045
cfi=(86)
cfn=(746)
calls=1410045 0x405369 -39 
* * 77552475
+5 * 1410045
+4 +1 1410045
+4 * 1410045
+3 * 1410045
+22 +1 1410045
+4 * 1410045
+3 * 1410045
cfi=(82)
cfn=(748)
calls=1410045 0x405881 -72 
* * 390575359
+5 +3 1410045
+3 * 1410045
+3 * 1410045
+4 * 1410045
+4 * 1410045
+3 * 1410045
+3 * 1410045
cfi=(86)
cfn=(676)
calls=1410045 0x4055b9 -15 
* * 63184802
+5 +1 1410045
+1 * 1410045
+1 * 1410045

fn=(678)
0x401669 134 104531826
+1 * 104531826
+3 * 104531826
+1 * 104531826
+4 * 104531826
+4 * 104531826
+3 * 104531826
+3 +1 104531826
+5 * 104531826
+22 +2 104531826
+3 * 104531826
+3 * 104531826
+4 * 104531826
+2 * 104531826
+3 * 104531826
cfn=(680)
calls=104531826 0x401629 -20 
* * 5226591300
+5 * 104531826
+2 * 104531826
+3 * 104531826
cfi=(82)
cfn=(608)
calls=104531826 0x405914 34 
* * 2404231998
+5 * 104531826
+4 +2 104531826
+4 * 104531826
+2 +1 104531826
+4 * 104531826
+1 * 104531826

fl=(88)
fn=(692)
0x4018ef 39 63604249
+1 * 63604249
+3 * 63604249
+3 * 63604249
+3 +1 63604249
+3 * 63604249
+3 * 63604249
+7 +1 63604249
+1 * 63604249
+1 * 63604249

fn=(696)
0x4018dc 25 118125141
+1 * 118125141
+3 * 118125141
+3 +1 118125141
+3 * 118125141
+7 +1 118125141
+1 * 118125141

fl=(84)
fn=(642) Bitpack_fitsu
0x401e50 66 120440
+3 +1 120440
+5 -1 120440
+2 -30 120440
+2 * 120440
+3 +34 120440
+3 * 120440
+3 +1 120440

fn=(640)
0x401f50 97 120440
+2 * 120440
+3 * 120440
+2 * 120440
+3 * 120440
+2 * 120440
+3 * 120440
+1 * 120440
+2 * 120440
+1 +1 120440
+3 +1 120440
+3 * 120440
+6 +1 120440
+3 * 120440
+3 * 120440
cfn=(642)
calls=120440 0x401e50 -34 
* * 963520
+5 * 120440
+2 * 120440
+6 -68 120440
+3 * 120440
+6 -10 120440
+6 +11 120440
+2 +3 120440
+3 * 120440
+2 * 120440
+3 -12 120440
+2 * 120440
+3 +79 120440
+5 * 120440
+2 -83 120440
+3 * 120440
+2 +14 120440
+5 -13 120440
+2 +3 90330
+2 * 90330
+3 +12 90330
+3 * 90330
+2 * 90330
+3 +69 90330
+1 -1 90330
+3 * 90330
+2 +1 90330
+1 * 90330
+2 -1 90330
+3 -1 90330
+3 +2 90330
+2 -3 90330
+3 +3 90330
+2 * 90330
-22 * 30110
+1 -1 30110
+3 * 30110
+2 +1 30110
+1 * 30110
+2 -1 30110
+3 -1 30110
+3 +2 30110
+2 -3 30110
+3 +3 30110
+2 * 30110

fn=(686)
0x401e90 86 425352610
+2 * 425352610
+3 * 425352610
+2 * 425352610
+1 * 425352610
+2 * 425352610
+1 +1 425352610
+3 -1 425352610
+4 +2 425352610
+3 * 425352610
+2 +2 425352610
+5 * 425352610
+2 * 425352610
+2 * 425352610
+2 -70 425352610
+3 +70 425352610
+2 * 425352610
+2 -70 425352610
+2 +2 425352610
+6 -1 425352610
+2 +3 425352610
+2 * 425352610
+3 * 425352610
+3 +8 425352610
+3 * 425352610
+2 +2 425352610
+5 -1 425352610
+2 +3 425352610
+3 * 425352610
+2 * 425352610
+3 +56 425352610
+4 * 425352610
+1 * 425352610
+1 * 425352610
+2 * 425352610
+2 * 425352610

totals: 41429506631
